Distributor,Supplier,ProductName,Category,Standard,Internal_ID_Reference_Number,UCLA,UCD_H,UCB,UCR,UCM,UCSC,OG,CH,FT,RAC,AGA,AWA,GAP,AHC,MBA,WWF,MSC,OWR,SSB,SFSC,SP,BFC,BBC,FAC,SPP,EFI,MWD,BAP
Aramark,Health Ade,KOMBUCHA Health Ade Pink Lady,Kombucha,USDA Organic,40988,1,,,,,,1,,,,,,,,,,,,,,,,,,,,,
Aramark,Health Ade,Pomegranate Kombucha,Kombucha,USDA Organic,40989,1,,,,,,1,,,,,,,,,,,,,,,,,,,,,
Ben & Jerrys,Wonder Ice Cream Llc,Ben & Jerrys (B&J) Ice Cream Americone Dream Pint (pt),Frozen Dessert,FT,339,,,1,,,,,,,,,,,,,,,,,,,,,,,,,
Ben & Jerrys,Wonder Ice Cream Llc,Ben & Jerrys (B&J) Ice Cream Cheesecake Strawberry Pint (pt),Frozen Dessert,FT,340,,,1,,,,,,,,,,,,,,,,,,,,,,,,,
Ben & Jerrys,Wonder Ice Cream Llc,Ben & Jerrys (B&J) Ice Cream Cherry Garcia Pint (pt),Frozen Dessert,FT,341,,,1,,,,,,,,,,,,,,,,,,,,,,,,,
Ben & Jerrys,Wonder Ice Cream Llc,Ben & Jerrys (B&J) Ice Cream Chocolate Chip Cookie Dough Pint (pt),Frozen Dessert,FT,342,,,1,,,,,,,,,,,,,,,,,,,,,,,,,
Ben & Jerrys,Wonder Ice Cream Llc,Ben & Jerrys (B&J) Ice Cream Chocolate Fudge Brownie Pint (pt),Frozen Dessert,FT,343,,,1,,,,,,,,,,,,,,,,,,,,,,,,,
Ben & Jerrys,Wonder Ice Cream Llc,Ben & Jerrys (B&J) Ice Cream Chocolate Fudge Brownie Pint (pt) Vegan (VGN),Frozen Dessert,FT,345,,,1,,,,,,,,,,,,,,,,,,,,,,,,,
Ben & Jerrys,Wonder Ice Cream Llc,Ben & Jerrys (B&J) Ice Cream Chocolate Therapy Pint (pt),Frozen Dessert,FT,344,,,1,,,,,,,,,,,,,,,,,,,,,,,,,
Ben & Jerrys,Wonder Ice Cream Llc,Ben & Jerrys (B&J) Ice Cream Chubby Hubby Pint (pt),Frozen Dessert,FT,346,,,1,,,,,,,,,,,,,,,,,,,,,,,,,
Ben & Jerrys,Wonder Ice Cream Llc,Ben & Jerrys (B&J) Ice Cream Chunky Monkey Pint (pt),Frozen Dessert,FT,347,,,1,,,,,,,,,,,,,,,,,,,,,,,,,
Ben & Jerrys,Wonder Ice Cream Llc,Ben & Jerrys (B&J) Ice Cream Coffee Toffee Bar Crunch Pint (pt),Frozen Dessert,FT,348,,,1,,,,,,,,,,,,,,,,,,,,,,,,,
Ben & Jerrys,Wonder Ice Cream Llc,Ben & Jerrys (B&J) Ice Cream Core Boom Pint (pt),Frozen Dessert,FT,349,,,1,,,,,,,,,,,,,,,,,,,,,,,,,
Ben & Jerrys,Wonder Ice Cream Llc,Ben & Jerrys (B&J) Ice Cream Core PB Fudge Pint (pt),Frozen Dessert,FT,350,,,1,,,,,,,,,,,,,,,,,,,,,,,,,
Ben & Jerrys,Wonder Ice Cream Llc,Ben & Jerrys (B&J) Ice Cream Core Salted Caramel Pint (pt),Frozen Dessert,FT,351,,,1,,,,,,,,,,,,,,,,,,,,,,,,,
Ben & Jerrys,Wonder Ice Cream Llc,Ben & Jerrys (B&J) Ice Cream Everything But The.. Pint (pt),Frozen Dessert,FT,352,,,1,,,,,,,,,,,,,,,,,,,,,,,,,
Ben & Jerrys,Wonder Ice Cream Llc,Ben & Jerrys (B&J) Ice Cream FroYo Cherry Garcia Pint (pt),Frozen Dessert,FT,353,,,1,,,,,,,,,,,,,,,,,,,,,,,,,
Ben & Jerrys,Wonder Ice Cream Llc,Ben & Jerrys (B&J) Ice Cream Half Baked Pint (pt),Frozen Dessert,FT,354,,,1,,,,,,,,,,,,,,,,,,,,,,,,,
Ben & Jerrys,Wonder Ice Cream Llc,Ben & Jerrys (B&J) Ice Cream Karamel Sutra Pint (pt),Frozen Dessert,FT,355,,,1,,,,,,,,,,,,,,,,,,,,,,,,,
Ben & Jerrys,Wonder Ice Cream Llc,Ben & Jerrys (B&J) Ice Cream Milk & Cookies Pint (pt),Frozen Dessert,FT,356,,,1,,,,,,,,,,,,,,,,,,,,,,,,,
Ben & Jerrys,Wonder Ice Cream Llc,Ben & Jerrys (B&J) Ice Cream Mint Choc Cookie Pint (pt),Frozen Dessert,FT,357,,,1,,,,,,,,,,,,,,,,,,,,,,,,,
Ben & Jerrys,Wonder Ice Cream Llc,Ben & Jerrys (B&J) Ice Cream New York Super Fudge Chunk Pint (pt),Frozen Dessert,FT,358,,,1,,,,,,,,,,,,,,,,,,,,,,,,,
Ben & Jerrys,Wonder Ice Cream Llc,Ben & Jerrys (B&J) Ice Cream PB Cup Pint (pt),Frozen Dessert,FT,360,,,1,,,,,,,,,,,,,,,,,,,,,,,,,
Ben & Jerrys,Wonder Ice Cream Llc,Ben & Jerrys (B&J) Ice Cream PB and Cookies Pint (pt) Vegan (VGN),Frozen Dessert,FT,359,,,1,,,,,,,,,,,,,,,,,,,,,,,,,
Ben & Jerrys,Wonder Ice Cream Llc,Ben & Jerrys (B&J) Ice Cream Phish Food Pint (pt),Frozen Dessert,FT,361,,,1,,,,,,,,,,,,,,,,,,,,,,,,,
Ben & Jerrys,Wonder Ice Cream Llc,Ben & Jerrys (B&J) Ice Cream Pistachio Pistachio Pint (pt),Frozen Dessert,FT,362,,,1,,,,,,,,,,,,,,,,,,,,,,,,,
Ben & Jerrys,Wonder Ice Cream Llc,Ben & Jerrys (B&J) Ice Cream Seasonal,Frozen Dessert,FT,363,,,1,,,,,,,,,,,,,,,,,,,,,,,,,
Ben & Jerrys,Wonder Ice Cream Llc,Ben & Jerrys (B&J) Ice Cream The Tonight Dough,Frozen Dessert,FT,364,,,1,,,,,,,,,,,,,,,,,,,,,,,,,
Ben & Jerrys,Wonder Ice Cream Llc,Ben & Jerrys (B&J) Ice Cream Vanilla,Frozen Dessert,FT,366,,,1,,,,,,,,,,,,,,,,,,,,,,,,,
Ben & Jerrys,Wonder Ice Cream Llc,Ben & Jerrys (B&J) Ice Cream Vanilla Caramel Fudge,Frozen Dessert,FT,365,,,1,,,,,,,,,,,,,,,,,,,,,,,,,
Chef's Warehouse,Bensdorp,Natural 22-24% Cocoa Powder,Baking Ingredients,"Fair Trade, Rainforest Alliance, ALL SUSTAINABLE",QZ101177,1,,,,,,,,1,1,,,,,,,,,,,,,,,,,,
Chef's Warehouse,Bensdorp,Natural 22-24% cocoa powder,Baking Ingredients,"Fair Trade, Rainforest Alliance, ALL SUSTAINABLE",QZ101177,1,,,,,,,,1,1,,,,,,,,,,,,,,,,,,
Chef's Warehouse,Central Milling,Organic Whole Dark Rye Flour,Grain,"USDA Organic, ALL SUSTAINABLE",928114,1,,,,,,1,,,,,,,,,,,,,,,,,,,,,
Chef's Warehouse,Giustos,Pizza Flour 00,Grain,"USDA Organic, ALL SUSTAINABLE",927038,1,,,,,,1,,,,,,,,,,,,,,,,,,,,,
Chef's Warehouse,Mary's Chicken,CHICKEN PARTY WINGS,Chicken,"ALL SUSTAINABLE, Certified Humane",10494788,1,,,,,,,1,,,,,,,,,,,,,,,,,,,,
Chef's Warehouse,Mighty Leaf,MLT ORGANIC EARL GREY #10004,Coffee/Tea,"USDA Organic, ALL SUSTAINABLE",VN275003,1,,,,,,1,,,,,,,,,,,,,,,,,,,,,
Chef's Warehouse,Mighty Leaf,ORGANIC BREAKFAST TEA 100 CT,Coffee/Tea,"USDA Organic, Fair Trade, ALL SUSTAINABLE",VN275001,1,,,,,,1,,1,1,,,,,,,,,,,,,,,,,,
Chef's Warehouse,Tofurky,TEMPEH 12/1 LB SOY ORGANIC,Soy Protein,"USDA Organic, ALL SUSTAINABLE",929093,1,,,,,,1,,,,,,,,,,,,,,,,,,,,,
Chef's Warehouse,Unfi,GARBANZO (CHICKPEA) ORGANIC,Beans,"USDA Organic, ALL SUSTAINABLE",10709654,1,,,,,,1,,,,,,,,,,,,,,,,,,,,,
Cream Co Meats,Anderson Ranches,Anderson Valley Lamb Leg Boneless HALAL,Lamb,CH,336,,,1,,,,,,,,,,,,,,,,,,,,,,,,,
Cream Co Meats,Anderson Ranches,Andeson Valley Lamb Stew Cut 20 lb avg HALAL,Lamb,CH,338,,,1,,,,,,,,,,,,,,,,,,,,,,,,,
Cream Co Meats,Anderson Ranches,Andeson Valley Lamb Stew Cut 30 lb HALAL 20 lb avg,Lamb,CH,337,,,1,,,,,,,,,,,,,,,,,,,,,,,,,
Cream Co Meats,Cream Co,Beef Top Round HALAL,Beef,"CH, GAP",332,,,1,,,,,,,,,,1,,,,,,,,,,,,,,,
Cream Co Meats,Cream Co,Bones Beef,Beef,"CH, GAP",334,,,1,,,,,,,,,,1,,,,,,,,,,,,,,,
Cream Co Meats,Cream Co,Bones Beef 40 lb,Beef,"CH, GAP",335,,,1,,,,,,,,,,1,,,,,,,,,,,,,,,
Cream Co Meats,Cream Co,Crea Co Beef Tri Tip HALAL,Beef,"CH, GAP",333,,,1,,,,,,,,,,1,,,,,,,,,,,,,,,
Cream Co Meats,Cream Co,Cream Co Beef Ribeye Lipon HALAL,Beef,"CH, GAP",323,,,1,,,,,,,,,,1,,,,,,,,,,,,,,,
Cream Co Meats,Cream Co,Cream Co Beef Sirloin Philly Sliced HALAL,Beef,"CH, GAP",324,,,1,,,,,,,,,,1,,,,,,,,,,,,,,,
Cream Co Meats,Cream Co,Cream Co Beef Sirloin Stir-Fry Cut HALAL,Beef,"CH, GAP",325,,,1,,,,,,,,,,1,,,,,,,,,,,,,,,
Cream Co Meats,Cream Co,Cream Co Beef Sirloin Whole HALAL,Beef,"CH, GAP",326,,,1,,,,,,,,,,1,,,,,,,,,,,,,,,
Cream Co Meats,Cream Co,Cream Co Beef Steak Flank HALAL,Beef,"CH, GAP",327,,,1,,,,,,,,,,1,,,,,,,,,,,,,,,
Cream Co Meats,Cream Co,Cream Co Beef Stew Cut HALAL,Beef,"CH, GAP",328,,,1,,,,,,,,,,1,,,,,,,,,,,,,,,
Cream Co Meats,Cream Co,Cream Co Beef Tail Flap HALAL,Beef,"CH, GAP",329,,,1,,,,,,,,,,1,,,,,,,,,,,,,,,
Cream Co Meats,Cream Co,Cream Co Beef Tenderloin HALAL,Beef,"CH, GAP",330,,,1,,,,,,,,,,1,,,,,,,,,,,,,,,
Cream Co Meats,Cream Co,Cream Co Beef Teres Major HALAL,Beef,"CH, GAP",331,,,1,,,,,,,,,,1,,,,,,,,,,,,,,,
Cream Co Meats,Creekstone Naturals,Cream Co Beef Patty 3.2 oz - 5/1 HALAL,Beef,CH,320,,,1,,,,,,,,,,,,,,,,,,,,,,,,,
Cream Co Meats,Creekstone Naturals,Cream Co Beef Patty 4 oz - 4/1 HALAL,Beef,CH,321,,,1,,,,,,,,,,,,,,,,,,,,,,,,,
Cream Co Meats,Creekstone Naturals,Cream Co Beef Patty 5.3 oz - 3/1 HALAL,Beef,CH,322,,,1,,,,,,,,,,,,,,,,,,,,,,,,,
Cream Co Meats,Creekstone Naturals,Creekstone Brisket Beef Whole HALAL,Beef,CH,318,,,1,,,,,,,,,,,,,,,,,,,,,,,,,
Daylight,Califia Farms,"MILK, ALMOND CALIFIA BARISTA 6/32OZ",Dairy Alternative,ORG,,,,,,1,,,,,,,,,,,,,,,,,,,,,,,
Daylight,Califia Farms,"Milk, Oat Califia 6/48-OZ",Dairy Alternative,ORG,,,,,,1,,,,,,,,,,,,,,,,,,,,,,,
Daylight,"Clover Sonoma-Petaluma, Ca","MILK, CLOVER CHOCOLATE 2% 5-GAL",Milk,ORG,,,,,,1,,,,,,,,,,,,,,,,,,,,,,,
Daylight,"Clover Sonoma-Petaluma, Ca","MILK, CLOVER CHOCOLATE 2% 5-GAL BIB",Milk,ORG,,,,,,1,,,,,,,,,,,,,,,,,,,,,,,
Daylight,"Clover Sonoma-Petaluma, Ca","MILK, CLOVER CHOCOLATE ORG 2% 5-GAL",Milk,ORG,,,,,,1,,,,,,,,,,,,,,,,,,,,,,,
Daylight,"Clover Sonoma-Petaluma, Ca","MILK, CLOVER ORG LF 2% 5-GAL BIB",Milk,ORG,,,,,,1,,,,,,,,,,,,,,,,,,,,,,,
Daylight,"Clover Sonoma-Petaluma, Ca","MILK, CLOVER ORG WHOLE 5-GAL BIB",Milk,ORG,,,,,,1,,,,,,,,,,,,,,,,,,,,,,,
Daylight,"Coke Farms-San Juan Bautista, Ca","Fennel, 12-CT Organic Coke Farms",Produce,Organic,,,,1,,,,1,,,,,,,,,,,,,,,,,,,,,
Daylight,"Coke Farms-San Juan Bautista, Ca","Garlic, Spring Green Org 5-LB Coke",Produce,Organic,,,,1,,,,1,,,,,,,,,,,,,,,,,,,,,
Daylight,"Coke Farms-San Juan Bautista, Ca","Radish, Black 10-LB Organic Coke",Produce,Organic,,,,1,,,,1,,,,,,,,,,,,,,,,,,,,,
Daylight,"Coke Farms-San Juan Bautista, Ca","Radish, Watermelon Org 10-LB Coke",Produce,Organic,,,,1,,,,1,,,,,,,,,,,,,,,,,,,,,
Daylight,"Coke Farms-San Juan Bautista, Ca","Rutabaga, Organic 25-LB Coke",Produce,Organic,,,,1,,,,1,,,,,,,,,,,,,,,,,,,,,
Daylight,"Coke Farms-San Juan Bautista, Ca","Strawberry, Organic 12-PT Coke",Produce,Organic,,,,1,,,,1,,,,,,,,,,,,,,,,,,,,,
Daylight,"Coke Farms-San Juan Bautista, Ca","Sunchokes, Organic 10-LB Coke Farms",Produce,Organic,,,,1,,,,1,,,,,,,,,,,,,,,,,,,,,
Daylight,"Coke Farms-San Juan Bautista, Ca","Turnip, Scarlet 10-LB Organic Coke",Produce,Organic,,,,1,,,,1,,,,,,,,,,,,,,,,,,,,,
Daylight,"Coke Farms-San Juan Bautista, Ca","Turnip, Scarlette Coke Farms",Produce,Organic,,,,1,,,,1,,,,,,,,,,,,,,,,,,,,,
Daylight,"Coke Farms-San Juan Bautista, Ca","Turnip, White 10-LB Organic Coke",Produce,Organic,,,,1,,,,1,,,,,,,,,,,,,,,,,,,,,
Daylight,"Coke Farms-San Juan Bautista, Ca","Turnip, White 25# Org Coke",Produce,Organic,,,,1,,,,1,,,,,,,,,,,,,,,,,,,,,
Daylight,Durst Organic Growers,CAPAY Asparagus -Durst Org Growers,Produce,ORG,,,,,,1,,,,,,,,,,,,,,,,,,,,,,,
Daylight,Hodo Foods/Oakland/Ca (Grown In Usa) (Certified Organic),"TOFU, ORGANIC FIRM 20LB -HODO SOY",Soy Protein,ORG,,,,,,1,,,,,,,,,,,,,,,,,,,,,,,
Daylight,Hodo Foods/Oakland/Ca (Grown In Usa) (Certified Organic),"Tofu, Organic Firm 4/5LB -Hodo Soy",Soy Protein,Organic,,,,1,,,,,,,,,,,,,,,,,,,,,,,,,
Daylight,Pacific Foods,"MILK, SOY BARISTA PACIFIC 12/32-OZ",Dairy Alternative,ORG,,,,,,1,,,,,,,,,,,,,,,,,,,,,,,
Del Monte (Allen Brothers),Diestal,Diestel Turkey Nat Grd Frozen (frz) 4(5lb) CASE,Turkey,GAP,501,,,1,,,,,,,,,,1,,,,,,,,,,,,,,,
Del Monte (Allen Brothers),Mary's Chicken,Marys Sweetheart Turkey Breast Boneless Raw Kosher,Turkey,"CH, GAP",500,,,1,,,,,,,,,,1,,,,,,,,,,,,,,,
Del Monte (Allen Brothers),Mary's Chicken,Chicken 8 Cut Halal,Chicken,"CH, GAP",468,,,1,,,,,,,,,,1,,,,,,,,,,,,,,,
Del Monte (Allen Brothers),Mary's Chicken,Chicken Breast Airline,Chicken,"CH, GAP",469,,,1,,,,,,,,,,1,,,,,,,,,,,,,,,
Del Monte (Allen Brothers),Mary's Chicken,Chicken Breast Fajita Cut,Chicken,"CH, GAP",474,,,1,,,,,,,,,,1,,,,,,,,,,,,,,,
Del Monte (Allen Brothers),Mary's Chicken,Chicken Breast Raw 4 oz Bonless Skinless (BS),Chicken,"CH, GAP",470,,,1,,,,,,,,,,1,,,,,,,,,,,,,,,
Del Monte (Allen Brothers),Mary's Chicken,Chicken Drumsticks,Chicken,"CH, GAP",476,,,1,,,,,,,,,,1,,,,,,,,,,,,,,,
Del Monte (Allen Brothers),Mary's Chicken,Chicken Thigh Bone In,Chicken,"CH, GAP",477,,,1,,,,,,,,,,1,,,,,,,,,,,,,,,
Del Monte (Allen Brothers),Mary's Chicken,Chicken Thigh Boneless,Chicken,"CH, GAP",479,,,1,,,,,,,,,,1,,,,,,,,,,,,,,,
Del Monte (Allen Brothers),Mary's Chicken,Chicken Wings Party Raw,Chicken,"CH, GAP",481,,,1,,,,,,,,,,1,,,,,,,,,,,,,,,
Del Monte (Allen Brothers),Niman,Pork Rib Back,Pork,CH,491,,,1,,,,,,,,,,,,,,,,,,,,,,,,,
Del Monte (Allen Brothers),Niman Ranch,Ground Beef,Beef,CH,453,,,1,,,,,,,,,,,,,,,,,,,,,,,,,
Del Monte (Allen Brothers),Niman Ranch,Patty Beef 3.2 oz 5/1,Beef,CH,456,,,1,,,,,,,,,,,,,,,,,,,,,,,,,
Del Monte (Allen Brothers),Niman Ranch,Patty Beef 4 oz 4/1,Beef,CH,457,,,1,,,,,,,,,,,,,,,,,,,,,,,,,
Del Monte (Allen Brothers),Norbest Poultry,Norbest Turkey Ground Roll Fresh 2 (10 lb) CASE,Turkey,GAP,502,,,1,,,,,,,,,,1,,,,,,,,,,,,,,,
Del Monte (Allen Brothers),Thomas Foods,Ground Beef Halal,Beef,CH,575,,,1,,,,,,,,,,,,,,,,,,,,,,,,,
Frito Lay,Spitz,SPITZ SUNFLOWER SEEDS SEASONED ORG 6OZ,Nuts/ Seeds,OG,164,,,,1,,,,,,,,,,,,,,,,,,,,,,,,
J Bradford,Harney & Sons,harney teas-juice amer turmeric org,Coffee/Tea,USDA Certified Organic,,,1,,,,,1,,,,,,,,,,,,,,,,,,,,,
J Bradford,Harney & Sons,harney teas-juice blood orange,Coffee/Tea,USDA Certified Organic,,,1,,,,,1,,,,,,,,,,,,,,,,,,,,,
J Bradford,Harney & Sons,harney teas-juice butterfly lem,Coffee/Tea,USDA Certified Organic,,,1,,,,,1,,,,,,,,,,,,,,,,,,,,,
J Bradford,Harney & Sons,harney teas-juice org apple,Coffee/Tea,USDA Certified Organic,,,1,,,,,1,,,,,,,,,,,,,,,,,,,,,
J Bradford,Harney & Sons,harney teas-juice org black currant,Coffee/Tea,USDA Certified Organic,,,1,,,,,1,,,,,,,,,,,,,,,,,,,,,
J Bradford,Harney & Sons,harney teas-juice org cranberry,Coffee/Tea,USDA Certified Organic,,,1,,,,,1,,,,,,,,,,,,,,,,,,,,,
J Bradford,Harney & Sons,harney teas-juice org grn citginko,Coffee/Tea,USDA Certified Organic,,,1,,,,,1,,,,,,,,,,,,,,,,,,,,,
J Bradford,Harney & Sons,harney teas-juice org grn w/coconut,Coffee/Tea,USDA Certified Organic,,,1,,,,,1,,,,,,,,,,,,,,,,,,,,,
J Bradford,Harney & Sons,harney teas-juice org lem/tea,Coffee/Tea,USDA Certified Organic,,,1,,,,,1,,,,,,,,,,,,,,,,,,,,,
J Bradford,Harney & Sons,harney teas-juice org orange mango,Coffee/Tea,USDA Certified Organic,,,1,,,,,1,,,,,,,,,,,,,,,,,,,,,
J Bradford,Harney & Sons,harney teas-juice org peach,Coffee/Tea,USDA Certified Organic,,,1,,,,,1,,,,,,,,,,,,,,,,,,,,,
J Bradford,Harney & Sons,harney teas-juice white peach,Coffee/Tea,USDA Certified Organic,,,1,,,,,1,,,,,,,,,,,,,,,,,,,,,
J Bradford,Honey Stinger,waffles Cookies Cream,Other Dairy,USDA Certified Organic,,,1,,,,,1,,,,,,,,,,,,,,,,,,,,,
J Bradford,Honey Stinger,waffles GF Cinnamon Waffle,Snacks,USDA Certified Organic,,,1,,,,,1,,,,,,,,,,,,,,,,,,,,,
J Bradford,Honey Stinger,waffles GF Salt Car Waffle,Snacks,USDA Certified Organic,,,1,,,,,1,,,,,,,,,,,,,,,,,,,,,
J Bradford,Honey Stinger,waffles Honey Waffle,Snacks,USDA Certified Organic,,,1,,,,,1,,,,,,,,,,,,,,,,,,,,,
J Bradford,Honey Stinger,waffles Vanilla Waffle,Snacks,USDA Certified Organic,,,1,,,,,1,,,,,,,,,,,,,,,,,,,,,
J Bradford,Iwon Organics,Iwon Organics BBQ puffs,Snacks,USDA Certified Organic,,,1,,,,,1,,,,,,,,,,,,,,,,,,,,,
J Bradford,Iwon Organics,Iwon Organics Carmelized Onion,Produce,USDA Certified Organic,,,1,,,,,1,,,,,,,,,,,,,,,,,,,,,
J Bradford,Iwon Organics,Iwon Organics Cheddar puffs,Snacks,USDA Certified Organic,,,1,,,,,1,,,,,,,,,,,,,,,,,,,,,
J Bradford,Iwon Organics,Iwon Organics Spicy Sweet Peppers,Produce,USDA Certified Organic,,,1,,,,,1,,,,,,,,,,,,,,,,,,,,,
J Bradford,Iwon Organics,Iwon Organics Spicy Sweet pepper,Produce,USDA Certified Organic,,,1,,,,,1,,,,,,,,,,,,,,,,,,,,,
J Bradford,Iwon Organics,Iwon Organics Sweet Dijon,Candy,USDA Certified Organic,,,1,,,,,1,,,,,,,,,,,,,,,,,,,,,
J Bradford,Jambar,bar Jambar Choc,Snacks,USDA Certified Organic,,,1,,,,,1,,,,,,,,,,,,,,,,,,,,,
J Bradford,Jambar,bar Jambar Jazzleberry,Produce,USDA Certified Organic,,,1,,,,,1,,,,,,,,,,,,,,,,,,,,,
J Bradford,Jambar,bar Jambar Malt Nut,Snacks,USDA Certified Organic,,,1,,,,,1,,,,,,,,,,,,,,,,,,,,,
J Bradford,Jambar,bar Jambar Mango,Snacks,USDA Certified Organic,,,1,,,,,1,,,,,,,,,,,,,,,,,,,,,
J Bradford,Jambar,bar Jambar Razzleberry,Snacks,USDA Certified Organic,,,1,,,,,1,,,,,,,,,,,,,,,,,,,,,
J Bradford,Kates Real Food,bar Kates PB HempFlax,Snacks,USDA Certified Organic,,,1,,,,,1,,,,,,,,,,,,,,,,,,,,,
J Bradford,Kates Real Food,bar kates drk choc almond,Snacks,USDA Certified Organic,,,1,,,,,1,,,,,,,,,,,,,,,,,,,,,
J Bradford,Kates Real Food,bar kates drk choc cherry almond,Snacks,USDA Certified Organic,,,1,,,,,1,,,,,,,,,,,,,,,,,,,,,
J Bradford,Kates Real Food,bar kates drk chr almond,Snacks,USDA Certified Organic,,,1,,,,,1,,,,,,,,,,,,,,,,,,,,,
J Bradford,Kates Real Food,bar kates lemon coconut,Snacks,USDA Certified Organic,,,1,,,,,1,,,,,,,,,,,,,,,,,,,,,
J Bradford,Kates Real Food,bar kates mango,Snacks,USDA Certified Organic,,,1,,,,,1,,,,,,,,,,,,,,,,,,,,,
J Bradford,Kates Real Food,bar kates oatmeal cran alm,Snacks,USDA Certified Organic,,,1,,,,,1,,,,,,,,,,,,,,,,,,,,,
J Bradford,Kates Real Food,bar kates pb hemp/flax,Snacks,USDA Certified Organic,,,1,,,,,1,,,,,,,,,,,,,,,,,,,,,
J Bradford,Kates Real Food,bar kates peanut butter,Snacks,USDA Certified Organic,,,1,,,,,1,,,,,,,,,,,,,,,,,,,,,
J Bradford,Kates Real Food,bar kates white macadamian,Snacks,USDA Certified Organic,,,1,,,,,1,,,,,,,,,,,,,,,,,,,,,
K & M Meat Company,Bass Strait,Halal Beef Briskets,Beef,"ALL SUSTAINABLE, Certified Humane",HBB,1,,,,,,,1,,,,,,,,,,,,,,,,,,,,
K & M Meat Company,Bass Strait,Halal Beef Flank Steak Choice Angus,Beef,"ALL SUSTAINABLE, Certified Humane",HBFS,1,,,,,,,1,,,,,,,,,,,,,,,,,,,,
K & M Meat Company,Bass Strait,"Halal GF Chuck Cut 1/4""",Beef,"ALL SUSTAINABLE, Certified Humane",HGFCC,1,,,,,,,1,,,,,,,,,,,,,,,,,,,,
K & M Meat Company,Bass Strait,Halal Grassfed Beef Fajitas,Beef,"ALL SUSTAINABLE, Certified Humane",HGFBF,1,,,,,,,1,,,,,,,,,,,,,,,,,,,,
K & M Meat Company,Bass Strait,Halal Grassfed Beef Top Sirloin,Beef,"ALL SUSTAINABLE, Certified Humane",HGFTS,1,,,,,,,1,,,,,,,,,,,,,,,,,,,,
K & M Meat Company,Bass Strait,Halal Grassfed Briskets,Beef,"ALL SUSTAINABLE, Certified Humane",HGFB,1,,,,,,,1,,,,,,,,,,,,,,,,,,,,
K & M Meat Company,Bass Strait,Halal Grassfed Chuck Rolls,Beef,"ALL SUSTAINABLE, Certified Humane",HGFC,1,,,,,,,1,,,,,,,,,,,,,,,,,,,,
K & M Meat Company,Bass Strait,"Halal Grassfed Diced Beef 1""",Beef,"ALL SUSTAINABLE, Certified Humane",HGFCC1,1,,,,,,,1,,,,,,,,,,,,,,,,,,,,
K & M Meat Company,Bass Strait,Halal Grassfed Flank Steak Portion,Beef,"ALL SUSTAINABLE, Certified Humane",HGFFP,1,,,,,,,1,,,,,,,,,,,,,,,,,,,,
K & M Meat Company,Bass Strait,Halal Grassfed Flank Steaks,Beef,"ALL SUSTAINABLE, Certified Humane",HGFF,1,,,,,,,1,,,,,,,,,,,,,,,,,,,,
K & M Meat Company,Bass Strait,Halal Grassfed Ground Beef,Beef,"ALL SUSTAINABLE, Certified Humane",HGFG,1,,,,,,,1,,,,,,,,,,,,,,,,,,,,
K & M Meat Company,Bass Strait,Halal Grassfed Sirloin Flap Frozen,Beef,"ALL SUSTAINABLE, Certified Humane",HGFFM,1,,,,,,,1,,,,,,,,,,,,,,,,,,,,
K & M Meat Company,Bass Strait,Halal Grassfed Tenderloin,Beef,"ALL SUSTAINABLE, Certified Humane",HGFTL,1,,,,,,,1,,,,,,,,,,,,,,,,,,,,
K & M Meat Company,Bass Strait,Halal Grassfed Top Round,Beef,"ALL SUSTAINABLE, Certified Humane",HGFTR,1,,,,,,,1,,,,,,,,,,,,,,,,,,,,
K & M Meat Company,Bass Strait,Halal Grassfed Tri Tip Peeled,Beef,"ALL SUSTAINABLE, Certified Humane",HGFTT,1,,,,,,,1,,,,,,,,,,,,,,,,,,,,
K & M Meat Company,Bass Strait,Halal Grassfed Tri Tip Portions,Beef,"ALL SUSTAINABLE, Certified Humane",HGFTTP,1,,,,,,,1,,,,,,,,,,,,,,,,,,,,
KARAT BY LOLLICUP,Lipton,LIPTON PURE LEAF EXTRASWEET TEA 18.5oz,Coffee/Tea,OG,7458,,,,1,,,,,,,,,,,,,,,,,,,,,,,,
NAKED JUICE,Kevita,KEVITA KOMBUCHA GINGER 15.2OZ,Kombucha,OG,11367,,,,1,,,,,,,,,,,,,,,,,,,,,,,,
NAKED JUICE,Kevita,KEVITA KOMUBCHA RASPBERRY LEMON 15.2OZ,Kombucha,OG,11369,,,,1,,,,,,,,,,,,,,,,,,,,,,,,
NAKED JUICE,Kevita,KEVITA SPARKLING LEMON CAYENNE 15.2OZ,Soda,OG,11364,,,,1,,,,,,,,,,,,,,,,,,,,,,,,
NAKED JUICE,Kevita,KEVITA SPARKLING LEMON GINGER 15.2OZ,Soda,OG,11366,,,,1,,,,,,,,,,,,,,,,,,,,,,,,
NAKED JUICE,Kevita,KEVITA SPARKLING LIME MINT COCO 15.2OZ,Soda,OG,11365,,,,1,,,,,,,,,,,,,,,,,,,,,,,,
Next Generation Foods,Andean Naturals,Fair Trade S. America Quinoa Tri Color,Grain,"FT, OG",2112,,,1,,,,,,,,,,,,,,,,,,,,,,,,,
Next Generation Foods,Pleasant Grove Farms,Pleasant Grove Farms Mung Bean,Beans,OG,2111,,,1,,,,,,,,,,,,,,,,,,,,,,,,,
Pepsi Bottling Group Inc,Kevita,Kevita MBK Grpfrt,Kombucha,USDA ORGANIC USDA Organic,,,1,,,,,1,,,,,,,,,,,,,,,,,,,,,
Pepsi Bottling Group Inc,Kevita,Kevita MBK Lvndr Mln,Kombucha,USDA ORGANIC,,,1,,,,,1,,,,,,,,,,,,,,,,,,,,,
Pepsi Bottling Group Inc,Kevita,Kevita MBK Mgo Lme,Kombucha,USDA ORGANIC USDA Organic,,,1,,,,,1,,,,,,,,,,,,,,,,,,,,,
Pepsi Bottling Group Inc,Kevita,Kevita SPD Mjt Lime Mnt,Kombucha,USDA ORGANIC USDA Organic,,,1,,,,,1,,,,,,,,,,,,,,,,,,,,,
Pepsi Bottling Group Inc,Kevita,Kevita SPD Strwbry Acai,Kombucha,USDA ORGANIC USDA Organic,,,1,,,,,1,,,,,,,,,,,,,,,,,,,,,
Pepsi Bottling Group Inc,Kevita,MBK Pnapl Pch,Kombucha,USDA Organic,,,1,,,,,1,,,,,,,,,,,,,,,,,,,,,
Pepsi Bottling Group Inc,Kevita,MBK Rspbry Lmn,Kombucha,USDA Organic,,,1,,,,,1,,,,,,,,,,,,,,,,,,,,,
Pepsi Bottling Group Inc,Kevita,MBK Trt Chry,Kombucha,USDA Organic,,,1,,,,,1,,,,,,,,,,,,,,,,,,,,,
Pepsi Bottling Group Inc,Kevita,SPD Mjt Lime Mnt,Kombucha,USDA Organic,,,1,,,,,1,,,,,,,,,,,,,,,,,,,,,
Pepsi Bottling Group Inc,Lipton,Lpt PureLeaf Blackberry,Coffee/Tea,Rainforest Alliance,,,1,,,,,,,,1,,,,,,,,,,,,,,,,,,
Pepsi Bottling Group Inc,Lipton,Lpt PureLeaf Rasp,Coffee/Tea,Rainforest Alliance,,,1,,,,,,,,1,,,,,,,,,,,,,,,,,,
Pepsi Bottling Group Inc,Lipton,Lpt PureLeaf SNL,Coffee/Tea,Rainforest Alliance,,,1,,,,,,,,1,,,,,,,,,,,,,,,,,,
Pepsi Bottling Group Inc,Lipton,Lpt PureLeaf SWL,Coffee/Tea,Rainforest Alliance,,,1,,,,,,,,1,,,,,,,,,,,,,,,,,,
Pepsi Bottling Group Inc,Lipton,Lpt PureLeaf UGT,Coffee/Tea,Rainforest Alliance,,,1,,,,,,,,1,,,,,,,,,,,,,,,,,,
Pepsi Bottling Group Inc,Lipton,Lpt PureLeaf UNL,Coffee/Tea,Rainforest Alliance,,,1,,,,,,,,1,,,,,,,,,,,,,,,,,,
Pepsi Bottling Group Inc,Lipton,Lpt PureLeaf Blackberry,Coffee/Tea,Rainforest Alliance,,,1,,,,,,,,1,,,,,,,,,,,,,,,,,,
Pepsi Bottling Group Inc,Lipton,Lpt PureLeaf SNL,Coffee/Tea,Rainforest Alliance,,,1,,,,,,,,1,,,,,,,,,,,,,,,,,,
Pepsi Bottling Group Inc,Lipton,Lpt PureLeaf Sbtl Swt Lmn,Coffee/Tea,Rainforest Alliance,,,1,,,,,,,,1,,,,,,,,,,,,,,,,,,
Pepsi Bottling Group Inc,Lipton,Lpt PureLeaf Sbtl Swt Pch,Coffee/Tea,Rainforest Alliance,,,1,,,,,,,,1,,,,,,,,,,,,,,,,,,
Pepsi Bottling Group Inc,Lipton,Lpt PureLeaf Sbtl Swt Tea,Coffee/Tea,Rainforest Alliance,,,1,,,,,,,,1,,,,,,,,,,,,,,,,,,
Pepsi Bottling Group Inc,Lipton,Lpt PureLeaf UGT,Coffee/Tea,Rainforest Alliance,,,1,,,,,,,,1,,,,,,,,,,,,,,,,,,
Pepsi Bottling Group Inc,Lipton,Lpt PureLeaf UNL,Coffee/Tea,Rainforest Alliance,,,1,,,,,,,,1,,,,,,,,,,,,,,,,,,
Pepsi Bottling Group Inc,Lipton,Lpt PureLeaf Zr Sgr Sweet,Coffee/Tea,Rainforest Alliance,,,1,,,,,,,,1,,,,,,,,,,,,,,,,,,
Pepsi Bottling Group Inc,Naked,Jc Cnut Wtr Pure O,Juice,"USDA Organic, Fair Trade",,,1,,,,,1,,1,1,,,,,,,,,,,,,,,,,,
Pepsi Bottling Group Inc,Naked,Naked Jc Antx Bry Blst,Juice,USDA Organic,,,1,,,,,1,,,,,,,,,,,,,,,,,,,,,
Pepsi Bottling Group Inc,Naked,Naked Jc Cnut Wtr Pure O,Juice,"USDA ORGANIC USDA Organic, Fair Trade Sugar",,,1,,,,,1,,1,1,,,,,,,,,,,,,,,,,,
Pepsi Bottling Group Inc,Naked,Naked Jc Dbl Bry,Juice,USDA Organic,,,1,,,,,1,,,,,,,,,,,,,,,,,,,,,
Pepsi Bottling Group Inc,Naked Jce Water,Naked Jc Cnut Wtr Pure O,Juice,"USDA ORGANIC, FAIR TRADE SUGAR",,,1,,,,,1,,1,1,,,,,,,,,,,,,,,,,,
Pepsi Bottling Group Inc,Kevita,DRINK KEVITA CLASSIC SPARKLING PRODIOTIC LEMONADE 15.2OZ,Soda,OG,2032,,,1,,,,,,,,,,,,,,,,,,,,,,,,,
Pepsi Bottling Group Inc,Kevita,DRINK KEVITA MASTER BREW KOMBUCHA GINGER 15.2OZ,Kombucha,OG,1933,,1,1,,,,,,,,,,,,,,,,,,,,,,,,,
Pepsi Bottling Group Inc,Kevita,DRINK KEVITA MASTER BREW KOMBUCHA LAVENDER MELON 15.2OZ,Kombucha,OG,1937,,1,1,,,,,,,,,,,,,,,,,,,,,,,,,
Pepsi Bottling Group Inc,Kevita,DRINK KEVITA MASTER BREW KOMBUCHA PINEAPPLE PEACH 15.2OZ,Kombucha,OG,1955,,1,1,,,,,,,,,,,,,,,,,,,,,,,,,
Pepsi Bottling Group Inc,Kevita,DRINK KEVITA MASTER BREW KOMBUCHA RASPBERRY LEMON 15.2OZ,Kombucha,OG,1938,,1,1,,,,,,,,,,,,,,,,,,,,,,,,,
Pepsi Bottling Group Inc,Kevita,DRINK KEVITA MASTER BREW KOMBUCHA TART CHERRY 15.2OZ,Kombucha,OG,1954,,1,1,,,,,,,,,,,,,,,,,,,,,,,,,
Pepsi Bottling Group Inc,Kevita,DRINK KEVITA SPARKLING PROBIOTIC LEMON CAYENNE 15.2OZ,Soda,OG,1930,,,1,,,,,,,,,,,,,,,,,,,,,,,,,
Pepsi Bottling Group Inc,Kevita,DRINK KEVITA SPARKLING PROBIOTIC LEMON GINGER 15.2OZ,Soda,OG,1961,,1,1,,,,,,,,,,,,,,,,,,,,,,,,,
Pepsi Bottling Group Inc,Kevita,DRINK KEVITA SPARKLING PROBIOTIC LIME MINT COCONUT 15.2OZ,Soda,OG,1945,,,1,,,,,,,,,,,,,,,,,,,,,,,,,
Pepsi Bottling Group Inc,Kevita,DRINK KEVITA SPARKLING PROBIOTIC MANGO COCONUT 15.2OZ,Soda,OG,1946,,1,1,,,,,,,,,,,,,,,,,,,,,,,,,
Pepsi Bottling Group Inc,Kevita,DRINK KEVITA SPARKLING PROBIOTIC TANGERINE 15.2OZ,Soda,OG,1944,,,1,,,,,,,,,,,,,,,,,,,,,,,,,
Pepsi Bottling Group Inc,Kevita,Kevita Ginger Colada 15.2 oz 6 CT CASE,Soda,OG,2083,,,1,,,,,,,,,,,,,,,,,,,,,,,,,
Pepsi Bottling Group Inc,Kevita,Kevita Lemon Meyer 15.2 oz 6 CT CASE,Soda,OG,2085,,,1,,,,,,,,,,,,,,,,,,,,,,,,,
Pepsi Bottling Group Inc,Kevita,Kevita Mango Lime 15.2 oz 6 CT CASE,Soda,OG,2084,,,1,,,,,,,,,,,,,,,,,,,,,,,,,
Pepsi Bottling Group Inc,Kevita,Kevita Pomegranate 15.2 oz 6 CT CASE,Soda,OG,2086,,,1,,,,,,,,,,,,,,,,,,,,,,,,,
Pepsi Bottling Group Inc,Naked,WATER NAKED COCONUT 16.9OZ,Nuts/ Seeds,OG,1985,,,1,,,,,,,,,,,,,,,,,,,,,,,,,
Pepsi Bottling Group Inc,Stubborn Soda,BIB STUBBORN AGAVE VANILLA CREAM 3GAL,Other Dairy,FT,2073,,,1,,,,,,,,,,,,,,,,,,,,,,,,,
Pepsi Bottling Group Inc,Stubborn Soda,BIB STUBBORN BLACK CHERRY WITH TARRAGON 3GAL,Soda,FT,2019,,,1,,,,,,,,,,,,,,,,,,,,,,,,,
Pepsi Bottling Group Inc,Stubborn Soda,BIB STUBBORN CITRUS HIBISCUS ORANGE 3GAL,Produce,FT,1986,,,1,,,,,,,,,,,,,,,,,,,,,,,,,
Pepsi Bottling Group Inc,Stubborn Soda,BIB STUBBORN CLASSIC ROOT BEER 3GAL,Soda,FT,2009,,,1,,,,,,,,,,,,,,,,,,,,,,,,,
Pepsi Bottling Group Inc,Stubborn Soda,BIB STUBBORN DRAFT COLA 3GAL,Soda,FT,2024,,,1,,,,,,,,,,,,,,,,,,,,,,,,,
Pepsi Bottling Group Inc,Stubborn Soda,BIB STUBBORN DRAFT COLA ZERO SUGAR 3GAL,Soda,FT,2036,,,1,,,,,,,,,,,,,,,,,,,,,,,,,
Pepsi Bottling Group Inc,Stubborn Soda,BIB STUBBORN LEMON BERRY ACAI 3GAL,Produce,FT,2054,,,1,,,,,,,,,,,,,,,,,,,,,,,,,
Pepsi Bottling Group Inc,Stubborn Soda,BIB STUBBORN PINEAPPLE CREAM 3GAL,Produce,FT,2077,,,1,,,,,,,,,,,,,,,,,,,,,,,,,
Pepsi Bottling Group Inc,Lipton,LIPTON PURE LEAF NAT LEMON 18.5oz,Coffee/Tea,OG,13654,,,,1,,,,,,,,,,,,,,,,,,,,,,,,
Pepsi Bottling Group Inc,Lipton,LIPTON PURE LEAF NAT RASPBERRY 18.5oz,Coffee/Tea,OG,12072,,,,1,,,,,,,,,,,,,,,,,,,,,,,,
Pepsi Bottling Group Inc,Lipton,LIPTON PURE LEAF NAT SWEETNED TEA 18.5oz,Coffee/Tea,OG,12070,,,,1,,,,,,,,,,,,,,,,,,,,,,,,
Pepsi Bottling Group Inc,Lipton,LIPTON PURE LEAF NAT UNSWTND TEA 18.5oz,Coffee/Tea,OG,12071,,,,1,,,,,,,,,,,,,,,,,,,,,,,,
Pepsi Bottling Group Inc,Lipton,LIPTON PURE LEAF TEA CHRY HIBSCUS 18.5OZ,Coffee/Tea,OG,15302,,,,1,,,,,,,,,,,,,,,,,,,,,,,,
Pepsi Bottling Group Inc,Lipton,LIPTON PURE LEAF TEA MANGO HIBCUS 18.5OZ,Coffee/Tea,OG,15300,,,,1,,,,,,,,,,,,,,,,,,,,,,,,
Pepsi Bottling Group Inc,Lipton,LIPTON PURE LEAF TEA PEACH HIBCUS 18.5OZ,Coffee/Tea,OG,15301,,,,1,,,,,,,,,,,,,,,,,,,,,,,,
Pepsi Bottling Group Inc,Lipton,LIPTON TEAHOUSE APPLE&GINGER 14OZ,Coffee/Tea,OG,10853,,,,1,,,,,,,,,,,,,,,,,,,,,,,,
Pepsi Bottling Group Inc,Lipton,LIPTON TEAHOUSE LEMON HNY SUCKLE 14OZ,Coffee/Tea,OG,10851,,,,1,,,,,,,,,,,,,,,,,,,,,,,,
Pepsi Bottling Group Inc,Nature Bakery,NATURE BAKERY WHL WHT FIG BAR ORG 2OZ,Snacks,OG,15521,,,,1,,,,,,,,,,,,,,,,,,,,,,,,
Pepsi Bottling Group Inc,Yachak,YACHAK YERBA MATE BERRY BLUE 16OZ,Coffee/Tea,"FT, OG",11344,,,,1,,,,,,,,,,,,,,,,,,,,,,,,
Pepsi Bottling Group Inc,Yachak,YACHAK YERBA MATE BERRY RED 16OZ,Coffee/Tea,"FT, OG",11342,,,,1,,,,,,,,,,,,,,,,,,,,,,,,
Pepsi Bottling Group Inc,Yachak,YACHAK YERBA MATE BLACKBERRY 15.5OZ,Coffee/Tea,"FT, OG",13238,,,,1,,,,,,,,,,,,,,,,,,,,,,,,
Pepsi Bottling Group Inc,Yachak,YACHAK YERBA MATE ULTIMATE MINT 16OZ,Coffee/Tea,"FT, OG",11343,,,,1,,,,,,,,,,,,,,,,,,,,,,,,
Permanent,Angela’S Ranch,"Dried Fruit, Fig (Organic)",Produce,ORG,,,,,,1,,,,,,,,,,,,,,,,,,,,,,,
Permanent,Angela’S Ranch,Figs (Organic),Produce,ORG,,,,,,1,,,,,,,,,,,,,,,,,,,,,,,
Permanent,Anna's Organics,"Bok Choy, Baby (Organic)",Produce,ORG,,,,,,1,,,,,,,,,,,,,,,,,,,,,,,
Permanent,Anna's Organics,"Cabbage, Green (Organic)",Produce,ORG,,,,,,1,,,,,,,,,,,,,,,,,,,,,,,
Permanent,Anna's Organics,"Cabbage, Red (Organic)",Produce,ORG,,,,,,1,,,,,,,,,,,,,,,,,,,,,,,
Permanent,Anna's Organics,"Cucumbers, Lemon (Organic)",Produce,ORG,,,,,,1,,,,,,,,,,,,,,,,,,,,,,,
Permanent,Anna's Organics,"Cucumbers, Watermelon Gherkin (Organic)",Produce,ORG,,,,,,1,,,,,,,,,,,,,,,,,,,,,,,
Permanent,Anna's Organics,"Eggplant, Chinese (Organic)",Produce,ORG,,,,,,1,,,,,,,,,,,,,,,,,,,,,,,
Permanent,Anna's Organics,"Eggplant, Globe (Organic)",Produce,ORG,,,,,,1,,,,,,,,,,,,,,,,,,,,,,,
Permanent,Anna's Organics,"Eggplant, Graffiti (Organic)",Produce,ORG,,,,,,1,,,,,,,,,,,,,,,,,,,,,,,
Permanent,Anna's Organics,"Eggplant, Japanese (Organic)",Produce,ORG,,,,,,1,,,,,,,,,,,,,,,,,,,,,,,
Permanent,Anna's Organics,"Peppers, Anaheim (Organic)",Produce,ORG,,,,,,1,,,,,,,,,,,,,,,,,,,,,,,
Permanent,Anna's Organics,"Peppers, Jalapeno (Organic)",Produce,ORG,,,,,,1,,,,,,,,,,,,,,,,,,,,,,,
Permanent,Anna's Organics,"Peppers, Jalapeno, White (Organic)",Produce,ORG,,,,,,1,,,,,,,,,,,,,,,,,,,,,,,
Permanent,Anna's Organics,"Peppers, Jimmy Nardello (Organic)",Produce,ORG,,,,,,1,,,,,,,,,,,,,,,,,,,,,,,
Permanent,Anna's Organics,"Peppers, Padron (Organic)",Produce,ORG,,,,,,1,,,,,,,,,,,,,,,,,,,,,,,
Permanent,Anna's Organics,"Peppers, Serrano (Organic)",Produce,ORG,,,,,,1,,,,,,,,,,,,,,,,,,,,,,,
Permanent,Anna's Organics,"Radishes, Daikon, Purple (Organic)",Produce,ORG,,,,,,1,,,,,,,,,,,,,,,,,,,,,,,
Permanent,Anna's Organics,"Radishes, Daikon, White (Organic)",Produce,ORG,,,,,,1,,,,,,,,,,,,,,,,,,,,,,,
Permanent,Anna's Organics,"Tomatoes, Cherry, Mixed (Organic)",Produce,ORG,,,,,,1,,,,,,,,,,,,,,,,,,,,,,,
Permanent,Anna's Organics,"Tomatoes, Heirloom, Amalfi Orange (Organic)",Produce,ORG,,,,,,1,,,,,,,,,,,,,,,,,,,,,,,
Permanent,Brisa Ranch,"Garlic, Romanian Red (Organic)",Produce,ORG,,,,,,1,,,,,,,,,,,,,,,,,,,,,,,
Permanent,Brisa Ranch,"Lettuce, Romaine (Organic)",Produce,ORG,,,,,,1,,,,,,,,,,,,,,,,,,,,,,,
Permanent,Brisa Ranch,"Potato, Fingerling (Organic)",Produce,ORG,,,,,,1,,,,,,,,,,,,,,,,,,,,,,,
Permanent,Brisa Ranch,"Spinach, Savoy, 4 lb (Organic)",Produce,ORG,,,,,,1,,,,,,,,,,,,,,,,,,,,,,,
Permanent,Bucio Organic Farm,"Kale, Curly Green (Organic)",Produce,ORG,,,,,,1,,,,,,,,,,,,,,,,,,,,,,,
Permanent,Bucio Organic Farm,"Lettuce, Red Leaf (Organic)",Produce,ORG,,,,,,1,,,,,,,,,,,,,,,,,,,,,,,
Permanent,Buena Vista Organic,"Herbs, Chives (Organic)",Produce,ORG,,,,,,1,,,,,,,,,,,,,,,,,,,,,,,
Permanent,Buena Vista Organic,"Herbs, Clamshell (Organic)",Produce,ORG,,,,,,1,,,,,,,,,,,,,,,,,,,,,,,
Permanent,Buena Vista Organic,"Herbs, Rosemary (Organic)",Produce,ORG,,,,,,1,,,,,,,,,,,,,,,,,,,,,,,
Permanent,Christopher Ranch,Garlic (Organic),Produce,ORG,,,,,,1,,,,,,,,,,,,,,,,,,,,,,,
Permanent,Coronel Produce Farm,"Broccoli, Sweet Baby, Green (Organic)",Produce,ORG,,,,,,1,,,,,,,,,,,,,,,,,,,,,,,
Permanent,Coronel Produce Farm,"Broccoli, Sweet Baby, Purple (Organic)",Produce,ORG,,,,,,1,,,,,,,,,,,,,,,,,,,,,,,
Permanent,Coronel Produce Farm,"Herbs, Cilantro (Organic)",Produce,ORG,,,,,,1,,,,,,,,,,,,,,,,,,,,,,,
Permanent,County Line Harvest,"Radishes, Easter Egg (Organic)",Produce,ORG,,,,,,1,,,,,,,,,,,,,,,,,,,,,,,
Permanent,County Line Harvest,"Turnips, Tokyo (Organic)",Produce,ORG,,,,,,1,,,,,,,,,,,,,,,,,,,,,,,
Permanent,Cuyama Orchards,"Apples, Premium, Graded (Organic)",Produce,ORG,,,,,,1,,,,,,,,,,,,,,,,,,,,,,,
Permanent,Cuyama Orchards,"Apples, Volume Fill, Utility (Organic)",Produce,ORG,,,,,,1,,,,,,,,,,,,,,,,,,,,,,,
Permanent,Dream Farm,Chard (Organic),Produce,ORG,,,,,,1,,,,,,,,,,,,,,,,,,,,,,,
Permanent,Dream Farm,"Lettuce, Butter, Green (Organic)",Produce,ORG,,,,,,1,,,,,,,,,,,,,,,,,,,,,,,
Permanent,Dream Farm,"Lettuce, Butter, Red (Organic)",Produce,ORG,,,,,,1,,,,,,,,,,,,,,,,,,,,,,,
Permanent,Durst Organic Growers,"Melon, Charentais (Organic)",Produce,ORG,,,,,,1,,,,,,,,,,,,,,,,,,,,,,,
Permanent,Durst Organic Growers,"Melon, Galia (Organic)",Produce,ORG,,,,,,1,,,,,,,,,,,,,,,,,,,,,,,
Permanent,Durst Organic Growers,"Melon, Honeydew (Organic)",Produce,ORG,,,,,,1,,,,,,,,,,,,,,,,,,,,,,,
Permanent,Durst Organic Growers,"Melon, Orange Honeydew (Organic)",Produce,ORG,,,,,,1,,,,,,,,,,,,,,,,,,,,,,,
Permanent,Durst Organic Growers,"Melon, Piel de Sapo (Organic)",Produce,ORG,,,,,,1,,,,,,,,,,,,,,,,,,,,,,,
Permanent,Durst Organic Growers,"Melon, Watermelon, Mini Seedless (Organic)",Produce,ORG,,,,,,1,,,,,,,,,,,,,,,,,,,,,,,
Permanent,Durst Organic Growers,"Onions, Spring, Purple (Organic)",Produce,ORG,,,,,,1,,,,,,,,,,,,,,,,,,,,,,,
Permanent,Durst Organic Growers,"Onions, Spring, Yellow (Organic)",Produce,ORG,,,,,,1,,,,,,,,,,,,,,,,,,,,,,,
Permanent,Fruit World,"Citrus, Lemon, Lisbon (Organic)",Produce,ORG,,,,,,1,,,,,,,,,,,,,,,,,,,,,,,
Permanent,Fruit World,Grapes (Organic),Produce,ORG,,,,,,1,,,,,,,,,,,,,,,,,,,,,,,
Permanent,G&G Organics,Sunchokes (Organic),Produce,ORG,,,,,,1,,,,,,,,,,,,,,,,,,,,,,,
Permanent,Galpin Family Farm,"Citrus, Mandarin (Transitional Organic)",Produce,ORG,,,,,,1,,,,,,,,,,,,,,,,,,,,,,,
Permanent,Galpin Family Farm,"Citrus, Mandarin, Owari Satsuma (Transitional Organic)",Produce,ORG,,,,,,1,,,,,,,,,,,,,,,,,,,,,,,
Permanent,Galpin Family Farm,"Citrus, Mandarin, Tango Easy Peel (Transitional Organic)",Produce,ORG,,,,,,1,,,,,,,,,,,,,,,,,,,,,,,
Permanent,Galpin Family Farm,"Citrus, Orange, Blood (Transitional Organic)",Produce,ORG,,,,,,1,,,,,,,,,,,,,,,,,,,,,,,
Permanent,Galpin Family Farm,"Citrus, Orange, Cara Cara (Transitional Organic)",Produce,ORG,,,,,,1,,,,,,,,,,,,,,,,,,,,,,,
Permanent,Homegrown Organic Farms,"Berries, Blueberries, Clamshell, Pint (Organic)",Produce,ORG,,,,,,1,,,,,,,,,,,,,,,,,,,,,,,
Permanent,Homegrown Organic Farms,"Citrus, Orange, Navel, Fancy (Organic)",Produce,ORG,,,,,,1,,,,,,,,,,,,,,,,,,,,,,,
Permanent,Iacopi Ranch,"Dried Beans, Heirloom (Organic)",Beans,ORG,,,,,,1,,,,,,,,,,,,,,,,,,,,,,,
Permanent,Induchucuiti Organic Farm,"Herbs, Oregano (Organic)",Produce,ORG,,,,,,1,,,,,,,,,,,,,,,,,,,,,,,
Permanent,Jas Family Farms Organics,"Corn, Sweet Corn (Organic)",Produce,ORG,,,,,,1,,,,,,,,,,,,,,,,,,,,,,,
Permanent,Jas Family Farms Organics,"Peppers, Bell, Orange, Choice (Organic)",Produce,ORG,,,,,,1,,,,,,,,,,,,,,,,,,,,,,,
Permanent,Jas Family Farms Organics,"Peppers, Bell, Orange, L/XL (Organic)",Produce,ORG,,,,,,1,,,,,,,,,,,,,,,,,,,,,,,
Permanent,Jas Family Farms Organics,"Peppers, Bell, Red, Choice (Organic)",Produce,ORG,,,,,,1,,,,,,,,,,,,,,,,,,,,,,,
Permanent,Jas Family Farms Organics,"Peppers, Bell, Red, L/XL (Organic)",Produce,ORG,,,,,,1,,,,,,,,,,,,,,,,,,,,,,,
Permanent,Jas Family Farms Organics,"Peppers, Bell, Yellow, Choice (Organic)",Produce,ORG,,,,,,1,,,,,,,,,,,,,,,,,,,,,,,
Permanent,Jas Family Farms Organics,"Peppers, Bell, Yellow, L/XL (Organic)",Produce,ORG,,,,,,1,,,,,,,,,,,,,,,,,,,,,,,
Permanent,Jas Family Farms Organics,"Summer Squash, Green Zucchini (Organic)",Produce,ORG,,,,,,1,,,,,,,,,,,,,,,,,,,,,,,
Permanent,Jas Family Farms Organics,"Summer Squash, Yellow Straight Neck (Organic)",Produce,ORG,,,,,,1,,,,,,,,,,,,,,,,,,,,,,,
Permanent,Jayleaf,"Greens, Asian Mix, 3 lb (Organic)",Produce,ORG,,,,,,1,,,,,,,,,,,,,,,,,,,,,,,
Permanent,Jayleaf,"Greens, Baby Green Tatsoi, 3 lb (Organic)",Produce,ORG,,,,,,1,,,,,,,,,,,,,,,,,,,,,,,
Permanent,Jayleaf,"Greens, Baby Kale Mix, 3 lb (Organic)",Produce,ORG,,,,,,1,,,,,,,,,,,,,,,,,,,,,,,
Permanent,Jayleaf,"Greens, Baby Lacinato Kale, 3 lb (Organic)",Produce,ORG,,,,,,1,,,,,,,,,,,,,,,,,,,,,,,
Permanent,Jayleaf,"Greens, Baby Mizamerica, 3 lb (Organic)",Produce,ORG,,,,,,1,,,,,,,,,,,,,,,,,,,,,,,
Permanent,Jayleaf,"Greens, Baby Mizuna, 3 lb (Organic)",Produce,ORG,,,,,,1,,,,,,,,,,,,,,,,,,,,,,,
Permanent,Jayleaf,"Greens, Baby Purple Tatsoi, 3 lb (Organic)",Produce,ORG,,,,,,1,,,,,,,,,,,,,,,,,,,,,,,
Permanent,Jayleaf,"Greens, Baby Red Chard, 3 lb (Organic)",Produce,ORG,,,,,,1,,,,,,,,,,,,,,,,,,,,,,,
Permanent,Jayleaf,"Greens, Baby Red Frilly Mustard, 3 lb (Organic)",Produce,ORG,,,,,,1,,,,,,,,,,,,,,,,,,,,,,,
Permanent,Jayleaf,"Greens, Baby Red Kale, 3 lb (Organic)",Produce,ORG,,,,,,1,,,,,,,,,,,,,,,,,,,,,,,
Permanent,Jayleaf,"Greens, Baby Red Mustard, 3 lb (Organic)",Produce,ORG,,,,,,1,,,,,,,,,,,,,,,,,,,,,,,
Permanent,Jayleaf,"Greens, Baby Red Russian Kale, 3 lb (Organic)",Produce,ORG,,,,,,1,,,,,,,,,,,,,,,,,,,,,,,
Permanent,Jayleaf,"Greens, Baby Spinach, 4 lb (Organic)",Produce,ORG,,,,,,1,,,,,,,,,,,,,,,,,,,,,,,
Permanent,Jayleaf,"Greens, Baby, Clamshell, 1 lb (Organic)",Produce,ORG,,,,,,1,,,,,,,,,,,,,,,,,,,,,,,
Permanent,Jayleaf,"Greens, Braising Mix, 3 lb (Organic)",Produce,ORG,,,,,,1,,,,,,,,,,,,,,,,,,,,,,,
Permanent,Jayleaf,"Greens, Clip Spinach, 4x2.5 lb (Organic)",Produce,ORG,,,,,,1,,,,,,,,,,,,,,,,,,,,,,,
Permanent,Jayleaf,"Greens, Purple Mizuna, 3 lb (Organic)",Produce,ORG,,,,,,1,,,,,,,,,,,,,,,,,,,,,,,
Permanent,Jayleaf,"Greens, Spring Mix, 3 lb (Organic)",Produce,ORG,,,,,,1,,,,,,,,,,,,,,,,,,,,,,,
Permanent,Jayleaf,"Greens, Spring Mix, 4x3 lb (Organic)",Produce,ORG,,,,,,1,,,,,,,,,,,,,,,,,,,,,,,
Permanent,Jayleaf,"Greens, Sweet Mix, 3 lb (Organic)",Produce,ORG,,,,,,1,,,,,,,,,,,,,,,,,,,,,,,
Permanent,Jayleaf,"Greens, Wild Arugula, 4 lb (Organic)",Produce,ORG,,,,,,1,,,,,,,,,,,,,,,,,,,,,,,
Permanent,Jsm Organics,"Berries, Strawberries, Clamshell (Organic)",Produce,ORG,,,,,,1,,,,,,,,,,,,,,,,,,,,,,,
Permanent,Oya Organics,Cauliflower (Organic),Produce,ORG,,,,,,1,,,,,,,,,,,,,,,,,,,,,,,
Permanent,Oya Organics,"Cauliflower, Purple (Organic)",Produce,ORG,,,,,,1,,,,,,,,,,,,,,,,,,,,,,,
Permanent,Oya Organics,"Lettuce, Little Gem, Green/Red (Organic)",Produce,ORG,,,,,,1,,,,,,,,,,,,,,,,,,,,,,,
Permanent,Oya Organics,"Peppers, Gypsy (Organic)",Produce,ORG,,,,,,1,,,,,,,,,,,,,,,,,,,,,,,
Permanent,Oya Organics,"Peppers, Lunchbox (Organic)",Produce,ORG,,,,,,1,,,,,,,,,,,,,,,,,,,,,,,
Permanent,Oya Organics,"Tomatoes, Early Girl, Dry-Farmed (Organic)",Produce,ORG,,,,,,1,,,,,,,,,,,,,,,,,,,,,,,
Permanent,Oya Organics,"Tomatoes, Roma (Organic)",Produce,ORG,,,,,,1,,,,,,,,,,,,,,,,,,,,,,,
Permanent,Paradise Farms Nopales,"Cactus, Opuntia (Nopales) (Transitional Organic)",Produce,ORG,,,,,,1,,,,,,,,,,,,,,,,,,,,,,,
Permanent,Pinnacle,"Potato, Purple (Organic)",Produce,ORG,,,,,,1,,,,,,,,,,,,,,,,,,,,,,,
Permanent,Pinnacle,"Potato, Red (Organic)",Produce,ORG,,,,,,1,,,,,,,,,,,,,,,,,,,,,,,
Permanent,Pinnacle,"Potato, Russet (Organic)",Produce,ORG,,,,,,1,,,,,,,,,,,,,,,,,,,,,,,
Permanent,Pinnacle,"Potato, Yellow (Organic)",Produce,ORG,,,,,,1,,,,,,,,,,,,,,,,,,,,,,,
Permanent,Pinnacle Organic,"Cabbage, Green Napa (Organic)",Produce,ORG,,,,,,1,,,,,,,,,,,,,,,,,,,,,,,
Permanent,Pinnacle Organic,"Cauliflower, Romanesco (Organic)",Produce,ORG,,,,,,1,,,,,,,,,,,,,,,,,,,,,,,
Permanent,Pinnacle Organic,Celery (Organic),Produce,ORG,,,,,,1,,,,,,,,,,,,,,,,,,,,,,,
Permanent,Pinnacle Organic,"Cucumbers, Slicing (Organic)",Produce,ORG,,,,,,1,,,,,,,,,,,,,,,,,,,,,,,
Permanent,Pinnacle Organic,"Kohlrabi, Purple (Organic)",Produce,ORG,,,,,,1,,,,,,,,,,,,,,,,,,,,,,,
Permanent,Pinnacle Organic,"Onions, White (Organic)",Produce,ORG,,,,,,1,,,,,,,,,,,,,,,,,,,,,,,
Permanent,Pinnacle Organic,"Onions, Yellow (Organic)",Produce,ORG,,,,,,1,,,,,,,,,,,,,,,,,,,,,,,
Permanent,Pinnacle Organic,Radicchio (Organic),Produce,ORG,,,,,,1,,,,,,,,,,,,,,,,,,,,,,,
Permanent,Pinnacle Organic,"Turnips, Purple, 40 lb (Organic)",Produce,ORG,,,,,,1,,,,,,,,,,,,,,,,,,,,,,,
Permanent,Rancho Las Palmas,"Artichoke, Green, 24 ct (Organic)",Produce,ORG,,,,,,1,,,,,,,,,,,,,,,,,,,,,,,
Permanent,Rancho Las Palmas,Brussels Sprouts (Organic),Produce,ORG,,,,,,1,,,,,,,,,,,,,,,,,,,,,,,
Permanent,Rincon Farms,"Avocado, Hass, Large (Organic)",Produce,ORG,,,,,,1,,,,,,,,,,,,,,,,,,,,,,,
Permanent,Royally Grown,"Tomatoes, Cherry, Mixed, Bulk (Organic)",Produce,ORG,,,,,,1,,,,,,,,,,,,,,,,,,,,,,,
Permanent,Rundle Family Farm,"Beans, Green (Organic)",Produce,ORG,,,,,,1,,,,,,,,,,,,,,,,,,,,,,,
Permanent,Rundle Family Farm,"Beans, Lima (Organic)",Produce,ORG,,,,,,1,,,,,,,,,,,,,,,,,,,,,,,
Permanent,Rundle Family Farm,"Broccoli, Crowns (Organic)",Produce,ORG,,,,,,1,,,,,,,,,,,,,,,,,,,,,,,
Permanent,Sherman Produce,"Melon, Cantaloupe (Organic)",Produce,ORG,,,,,,1,,,,,,,,,,,,,,,,,,,,,,,
Permanent,Sherman Produce,"Onions, Red (Organic)",Produce,ORG,,,,,,1,,,,,,,,,,,,,,,,,,,,,,,
Permanent,Smallhold,"Mushrooms, Chef's Mix, 3 Species (Organic)",Produce,ORG,,,,,,1,,,,,,,,,,,,,,,,,,,,,,,
Permanent,Smallhold,"Mushrooms, Trumpet, 8 x 8 oz (Organic)",Produce,ORG,,,,,,1,,,,,,,,,,,,,,,,,,,,,,,
Permanent,Smallhold,"Mushrooms, Trumpet, King Oyster (Organic)",Produce,ORG,,,,,,1,,,,,,,,,,,,,,,,,,,,,,,
Permanent,Spade & Plow Organics,Collard Greens (Organic),Produce,ORG,,,,,,1,,,,,,,,,,,,,,,,,,,,,,,
Permanent,Spade & Plow Organics,"Fennel, with tops (Organic)",Produce,ORG,,,,,,1,,,,,,,,,,,,,,,,,,,,,,,
Permanent,Spade & Plow Organics,"Greens, Red Spinach, 4 lb (Organic)",Produce,ORG,,,,,,1,,,,,,,,,,,,,,,,,,,,,,,
Permanent,Spade & Plow Organics,"Herbs, Mint (Organic)",Produce,ORG,,,,,,1,,,,,,,,,,,,,,,,,,,,,,,
Permanent,Spade & Plow Organics,"Leeks, White (Organic)",Produce,ORG,,,,,,1,,,,,,,,,,,,,,,,,,,,,,,
Permanent,Stehly Farms Organics,"Citrus, Grapefruit, Ruby, 36 ct (Organic)",Produce,ORG,,,,,,1,,,,,,,,,,,,,,,,,,,,,,,
Permanent,Sumano's Organic Mushrooms,"Mushrooms, Lion's Mane (Organic)",Produce,ORG,,,,,,1,,,,,,,,,,,,,,,,,,,,,,,
Permanent,Sumano's Organic Mushrooms,"Mushrooms, Oyster, 12 x 6 oz (Organic)",Produce,ORG,,,,,,1,,,,,,,,,,,,,,,,,,,,,,,
Permanent,Sumano's Organic Mushrooms,"Mushrooms, Oyster, Blue (Organic)",Produce,ORG,,,,,,1,,,,,,,,,,,,,,,,,,,,,,,
Permanent,Sumano's Organic Mushrooms,"Mushrooms, Shiitake, #1 Grade (Organic)",Produce,ORG,,,,,,1,,,,,,,,,,,,,,,,,,,,,,,
Permanent,Sumano's Organic Mushrooms,"Mushrooms, Shiitake, #2 Grade (Organic)",Produce,ORG,,,,,,1,,,,,,,,,,,,,,,,,,,,,,,
Permanent,Sumano's Organic Mushrooms,"Mushrooms, Shiitake, 12 x 6 oz (Organic)",Produce,ORG,,,,,,1,,,,,,,,,,,,,,,,,,,,,,,
Permanent,Sunrise Organic Farm,"Carrots, Bulk (Organic)",Produce,ORG,,,,,,1,,,,,,,,,,,,,,,,,,,,,,,
Permanent,Sunrise Organic Farm,"Kale, Curly Red (Organic)",Produce,ORG,,,,,,1,,,,,,,,,,,,,,,,,,,,,,,
Permanent,Sunrise Organic Farm,"Lettuce, Green Leaf (Organic)",Produce,ORG,,,,,,1,,,,,,,,,,,,,,,,,,,,,,,
Permanent,Sunrise Organic Farm,"Lettuce, Salanova, 3-Color Mix (Organic)",Produce,ORG,,,,,,1,,,,,,,,,,,,,,,,,,,,,,,
Permanent,Sunrise Organic Farm,"Summer Squash, Blossom (Organic)",Produce,ORG,,,,,,1,,,,,,,,,,,,,,,,,,,,,,,
Permanent,Sweet Valley,"Sweet Potatoes, Full Bin (Transitional Organic)",Produce,ORG,,,,,,1,,,,,,,,,,,,,,,,,,,,,,,
Permanent,Sweet Valley,"Sweet Potatoes, Murasaki, Large (Transitional Organic)",Produce,ORG,,,,,,1,,,,,,,,,,,,,,,,,,,,,,,
Permanent,Sweet Valley,"Sweet Potatoes, Orange/Red, Medium, Washed (Organic)",Produce,ORG,,,,,,1,,,,,,,,,,,,,,,,,,,,,,,
Permanent,Sweet Valley,"Sweet Potatoes, Purple, Large (Transitional Organic)",Produce,ORG,,,,,,1,,,,,,,,,,,,,,,,,,,,,,,
Permanent,Sweet Valley,"Sweet Potatoes, Red Diane, Large (Transitional Organic)",Produce,ORG,,,,,,1,,,,,,,,,,,,,,,,,,,,,,,
Permanent,Sweet Valley,"Sweet Potatoes, White Bonita, Large (Transitional Organic)",Produce,ORG,,,,,,1,,,,,,,,,,,,,,,,,,,,,,,
Permanent,Terra Firma,"Beets, Gold (Organic)",Produce,ORG,,,,,,1,,,,,,,,,,,,,,,,,,,,,,,
Permanent,Terra Firma,"Beets, Red, Bulk (Organic)",Produce,ORG,,,,,,1,,,,,,,,,,,,,,,,,,,,,,,
Permanent,Terra Firma,"Cucumbers, Painted Serpent (Organic)",Produce,ORG,,,,,,1,,,,,,,,,,,,,,,,,,,,,,,
Permanent,Terra Firma,"Nuts, Pistachios, Roasted, In-Shell (Organic)",Nuts/ Seeds,ORG,,,,,,1,,,,,,,,,,,,,,,,,,,,,,,
Permanent,Terra Firma,"Nuts, Walnuts, Shelled (Organic)",Nuts/ Seeds,ORG,,,,,,1,,,,,,,,,,,,,,,,,,,,,,,
Permanent,Tutti Frutti Farms,Parsnips (Organic),Produce,ORG,,,,,,1,,,,,,,,,,,,,,,,,,,,,,,
Permanent,Tutti Frutti Farms,"Peppers, Habanero (Organic)",Produce,ORG,,,,,,1,,,,,,,,,,,,,,,,,,,,,,,
Permanent,Tutti Frutti Farms,Winter Squash (Organic),Produce,ORG,,,,,,1,,,,,,,,,,,,,,,,,,,,,,,
Permanent,Vang Farmers,Jicama (Organic),Produce,ORG,,,,,,1,,,,,,,,,,,,,,,,,,,,,,,
Permanent,World's Finest,"Peas, English Peas (Organic)",Produce,ORG,,,,,,1,,,,,,,,,,,,,,,,,,,,,,,
Permanent,World's Finest,"Peas, Sugar Snap (Organic)",Produce,ORG,,,,,,1,,,,,,,,,,,,,,,,,,,,,,,
Permanent,World's Finest Farms,"Beets, Red (Organic)",Produce,ORG,,,,,,1,,,,,,,,,,,,,,,,,,,,,,,
Permanent,World's Finest Farms,"Carrots, Bagged (Organic)",Produce,ORG,,,,,,1,,,,,,,,,,,,,,,,,,,,,,,
Permanent,World's Finest Farms,"Herbs, Basil (Organic)",Produce,ORG,,,,,,1,,,,,,,,,,,,,,,,,,,,,,,
Permanent,World's Finest Farms,"Herbs, Dill (Organic)",Produce,ORG,,,,,,1,,,,,,,,,,,,,,,,,,,,,,,
Permanent,World's Finest Farms,"Herbs, Parsley, Italian (Organic)",Produce,ORG,,,,,,1,,,,,,,,,,,,,,,,,,,,,,,
Permanent,World's Finest Farms,"Radishes, French Breakfast (Organic)",Produce,ORG,,,,,,1,,,,,,,,,,,,,,,,,,,,,,,
Permanent,World's Finest Farms,"Radishes, Red (Organic)",Produce,ORG,,,,,,1,,,,,,,,,,,,,,,,,,,,,,,
Produce Express,"Annas Organic Farms-Chowchilla, Ca",JIMMY NARDELLO PEPPERS,Produce,Organic,,,1,,,,,1,,,,,,,,,,,,,,,,,,,,,
Produce Express,"Big B Potatoes/Bakersfield, Ca > 250 (Certified Organic)",QUARTERED RED B POTATOES 20#,Produce,Organic,,,1,,,,,1,,,,,,,,,,,,,,,,,,,,,
Produce Express,Blank/Not Specified,ORGANIC FRENCH RED FINGERLING 25# (LOCAL),Produce,Organic,,,1,,,,,1,,,,,,,,,,,,,,,,,,,,,
Produce Express,Blank/Not Specified,ORGANIC STRAWBERRIES 8/1#,Produce,Organic,,,1,,,,,1,,,,,,,,,,,,,,,,,,,,,
Produce Express,Blank/Not Specified,RADISH SPROUTS *ORGANIC*,Produce,Organic,,,1,,,,,1,,,,,,,,,,,,,,,,,,,,,
Produce Express,"Cal Organic Farms/, Ca > 250",ORGANIC RED RADISHES 24 COUNT,Produce,Organic,,,1,,,,,1,,,,,,,,,,,,,,,,,,,,,
Produce Express,"Capay Organic-Yolo County, Ca (Certified Organic)",LOCAL MIXED LETTUCE (ORGANIC),Produce,Organic,,,1,,,,,1,,,,,,,,,,,,,,,,,,,,,
Produce Express,"Capay Organic-Yolo County, Ca (Certified Organic)",NANTES CARROTS BUNCHED,Produce,Organic,,,1,,,,,1,,,,,,,,,,,,,,,,,,,,,
Produce Express,"Chili Smith-Sacramento, Ca (Grown By Tyler Scofield In Colusa County, Ca)",DRIED BLACK TURTLE BEANS 25# (ORGANIC),Beans,Organic,,,1,,,,,1,,,,,,,,,,,,,,,,,,,,,
Produce Express,"Clover Sonoma-Petaluma, Ca",BUTTERMILK 1/2 GALLON,Other Dairy,American Humane,,,1,,,,,,,,,,,,1,,,,,,,,,,,,,,
Produce Express,"Clover Sonoma-Petaluma, Ca","CHEESE, CHEDDAR BLOCK 5#",Cheese,American Humane,,,1,,,,,,,,,,,,1,,,,,,,,,,,,,,
Produce Express,"Clover Sonoma-Petaluma, Ca","CHEESE, PEPPERJACK 5#",Cheese,American Humane,,,1,,,,,,,,,,,,1,,,,,,,,,,,,,,
Produce Express,"Clover Sonoma-Petaluma, Ca",CREAM CHEESE 3#,Cheese,American Humane,,,1,,,,,,,,,,,,1,,,,,,,,,,,,,,
Produce Express,"Clover Sonoma-Petaluma, Ca",EGGS ORGANIC DOZEN,Eggs,Organic,,,1,,,,,1,,,,,,,,,,,,,,,,,,,,,
Produce Express,"Clover Sonoma-Petaluma, Ca",HALF & HALF DAIRY PRODUCT,Other Dairy,American Humane,,,1,,,,,,,,,,,,1,,,,,,,,,,,,,,
Produce Express,"Clover Sonoma-Petaluma, Ca",MANUFACTURING CREAM 1/2 GALLON,Other Dairy,American Humane,,,1,,,,,,,,,,,,1,,,,,,,,,,,,,,
Produce Express,"Clover Sonoma-Petaluma, Ca",MILK - 2% LOWFAT GALLON,Milk,American Humane,,,1,,,,,,,,,,,,1,,,,,,,,,,,,,,
Produce Express,"Clover Sonoma-Petaluma, Ca",MILK FAT FREE HALF GALLON SPECIAL ORDER,Milk,American Humane,,,1,,,,,,,,,,,,1,,,,,,,,,,,,,,
Produce Express,"Clover Sonoma-Petaluma, Ca","MILK, 2% (HALF PINTS) *SPECIAL ORDER*",Milk,American Humane,,,1,,,,,,,,,,,,1,,,,,,,,,,,,,,
Produce Express,"Clover Sonoma-Petaluma, Ca","MILK, CHOCOLATE (1/2 PINTS)*SPECIAL",Milk,American Humane,,,1,,,,,,,,,,,,1,,,,,,,,,,,,,,
Produce Express,"Clover Sonoma-Petaluma, Ca","MILK, FAT FREE (HALF PINTS) *SPECIAL*",Milk,American Humane,,,1,,,,,,,,,,,,1,,,,,,,,,,,,,,
Produce Express,"Clover Sonoma-Petaluma, Ca","MILK, WHOLE (1/2 PINTS) *SPECIAL ORDER*",Milk,American Humane,,,1,,,,,,,,,,,,1,,,,,,,,,,,,,,
Produce Express,"Clover Sonoma-Petaluma, Ca","MILK, WHOLE (PINTS) *SPECIAL ORDER*",Milk,American Humane,,,1,,,,,,,,,,,,1,,,,,,,,,,,,,,
Produce Express,"Clover Sonoma-Petaluma, Ca",ORGANIC HEAVY CREAM CASE,Other Dairy,American Humane,,,1,,,,,,,,,,,,1,,,,,,,,,,,,,,
Produce Express,"Clover Sonoma-Petaluma, Ca",ORGANIC MILK 1% HALF GALLON,Milk,Organic,,,1,,,,,1,,,,,,,,,,,,,,,,,,,,,
Produce Express,"Clover Sonoma-Petaluma, Ca",ORGANIC MILK 2% HALF GALLON,Milk,American Humane Organic,,,1,,,,,1,,,,,,,1,,,,,,,,,,,,,,
Produce Express,"Clover Sonoma-Petaluma, Ca",ORGANIC MILK WHOLE 1/2 GALLON,Milk,Organic,,,1,,,,,1,,,,,,,,,,,,,,,,,,,,,
Produce Express,"Clover Sonoma-Petaluma, Ca",ORGANIC MILK WHOLE GALLON,Milk,Organic,,,1,,,,,1,,,,,,,,,,,,,,,,,,,,,
Produce Express,"Clover Sonoma-Petaluma, Ca",ORGANIC YOGURT BLUEBERRY 12/6 OUNCE,Other Dairy,Organic,,,1,,,,,1,,,,,,,,,,,,,,,,,,,,,
Produce Express,"Clover Sonoma-Petaluma, Ca",ORGANIC YOGURT LEMON 12/6OZ,Other Dairy,Organic,,,1,,,,,1,,,,,,,,,,,,,,,,,,,,,
Produce Express,"Clover Sonoma-Petaluma, Ca",ORGANIC YOGURT PEACH 12/6 OUNCE,Other Dairy,Organic,,,1,,,,,1,,,,,,,,,,,,,,,,,,,,,
Produce Express,"Clover Sonoma-Petaluma, Ca",ORGANIC YOGURT PLAIN 6/32 OUNCE,Other Dairy,American Humane Organic,,,1,,,,,1,,,,,,,1,,,,,,,,,,,,,,
Produce Express,"Clover Sonoma-Petaluma, Ca",ORGANIC YOGURT STRAWBERRY 12/6 OZ.,Other Dairy,Organic,,,1,,,,,1,,,,,,,,,,,,,,,,,,,,,
Produce Express,"Clover Sonoma-Petaluma, Ca",ORGANIC YOGURT VANILLA 12/6OZ,Other Dairy,American Humane Organic,,,1,,,,,1,,,,,,,1,,,,,,,,,,,,,,
Produce Express,"Clover Sonoma-Petaluma, Ca",SOUR CREAM 32 POUND,Other Dairy,American Humane,,,1,,,,,,,,,,,,1,,,,,,,,,,,,,,
Produce Express,"Clover Sonoma-Petaluma, Ca",SOUR CREAM 5#,Other Dairy,American Humane,,,1,,,,,,,,,,,,1,,,,,,,,,,,,,,
Produce Express,"Clover Sonoma-Petaluma, Ca",WHOLE MILK HALF GALLON *SPECIAL*,Milk,American Humane,,,1,,,,,,,,,,,,1,,,,,,,,,,,,,,
Produce Express,"Coke Farms-San Juan Bautista, Ca",BABY MIXED LETTUCE 2#,Produce,Organic,,,1,,,,,1,,,,,,,,,,,,,,,,,,,,,
Produce Express,"Coke Farms-San Juan Bautista, Ca (Certified Organic)","Fennel, 12-CT Organic Coke Farms",Produce,Organic,,,1,,,,,1,,,,,,,,,,,,,,,,,,,,,
Produce Express,"Coke Farms-San Juan Bautista, Ca (Certified Organic)","Garlic, Spring Green Org 5-LB Coke",Produce,Organic,,,1,,,,,1,,,,,,,,,,,,,,,,,,,,,
Produce Express,"Dinapoli-Lodi, Ca",BIANCO DINAPOLI CRUSHED TOMATOES (ORGANIC),Produce,Organic,,,1,,,,,1,,,,,,,,,,,,,,,,,,,,,
Produce Express,"Durst Organics-Esparto, Ca",ORGANIC ASPARAGUS 11# *DURST* (LOCAL),Produce,Organic,,,1,,,,,1,,,,,,,,,,,,,,,,,,,,,
Produce Express,"Early Bird Farm-Wilseyville, Ca (Grown At Pleasant Grove Farms, Ca) (Certified Organic)",POLENTA 10# (YELLOW),Produce,Organic,,,1,,,,,1,,,,,,,,,,,,,,,,,,,,,
Produce Express,"Early Bird Farm-Wilseyville, Ca (Grown At Pleasant Grove Farms, Ca) (Certified Organic)",WHITE CORN POLENTA 10# (LOCAL),Grain,Organic,,,1,,,,,1,,,,,,,,,,,,,,,,,,,,,
Produce Express,"Earthbound Farm-San Juan Bautista, Ca",ORGANIC BABY ARUGULA 4#,Produce,Organic,,,1,,,,,1,,,,,,,,,,,,,,,,,,,,,
Produce Express,"Elegant Bean-Lodi, Ca",DRIED BLACK TURTLE BEANS 25# (ORGANIC),Beans,Organic,,,1,,,,,1,,,,,,,,,,,,,,,,,,,,,
Produce Express,"Faurot Ranch-Watsonville, Ca",ORGANIC WATERMELON RADISH 10#,Produce,"Fair Trade, Organic",,,1,,,,,1,,1,1,,,,,,,,,,,,,,,,,,
Produce Express,"Field Fresh Farms-Watsonville, Ca",BABY KALE 3#,Produce,Organic,,,1,,,,,1,,,,,,,,,,,,,,,,,,,,,
Produce Express,"Field Fresh Farms-Watsonville, Ca",BABY KALE 3# (ORGANIC),Produce,Organic,,,1,,,,,1,,,,,,,,,,,,,,,,,,,,,
Produce Express,"Full Belly Farm-Capay Valley, Ca (Certified Organic)",GERMAN BUTTERBALL 25# ORGANIC,Other Dairy,Organic,,,1,,,,,1,,,,,,,,,,,,,,,,,,,,,
Produce Express,"Full Belly Farm-Capay Valley, Ca (Certified Organic)",MIXED MELON CASE,Produce,Organic,,,1,,,,,1,,,,,,,,,,,,,,,,,,,,,
Produce Express,"Full Belly Farm-Capay Valley, Ca (Certified Organic)",ORGANIC BINTJE POTATOES 25#,Produce,Organic,,,1,,,,,1,,,,,,,,,,,,,,,,,,,,,
Produce Express,"Gourmet Mushrooms-Sebastopol, Ca",ORGANIC CHEFS SAMPLER MUSHROOM 6#,Produce,Organic,,,1,,,,,1,,,,,,,,,,,,,,,,,,,,,
Produce Express,"Grimmway Farms/Bakersfield, Ca > 250",ORGANIC FENNEL 12 COUNT,Produce,Organic,,,1,,,,,1,,,,,,,,,,,,,,,,,,,,,
Produce Express,Hodo Foods/Oakland/Ca (Grown In Usa) (Certified Organic),"TOFU, FIRM 20 POUND (ORGANIC)",Soy Protein,Organic,,,1,,,,,1,,,,,,,,,,,,,,,,,,,,,
Produce Express,Hodo Foods/Oakland/Ca (Grown In Usa) (Certified Organic),"TOFU, FIRM 5# (ORGANIC)",Soy Protein,Organic,,,1,,,,,1,,,,,,,,,,,,,,,,,,,,,
Produce Express,"Local Growers-Yolo County, Ca (Certified Organic)",MIXED MEDLEY CHERRY CASE,Produce,Organic,,,1,,,,,1,,,,,,,,,,,,,,,,,,,,,
Produce Express,"Lundberg Family Farms/Butte County, Ca (Grown In Humboldt County, Ca) > 250",TRI-COLOR QUINOA 6/1# (ORGANIC),Grain,Organic,,,1,,,,,1,,,,,,,,,,,,,,,,,,,,,
Produce Express,Mexico,ASPARAGUS 11# LARGE (MEXICO),Produce,Fair Trade,,,1,,,,,,,1,1,,,,,,,,,,,,,,,,,,
Produce Express,"Mohr-Fry Ranches-Lodi, Ca",DRIED BLACK TURTLE BEANS 25# (ORGANIC),Beans,Organic,,,1,,,,,1,,,,,,,,,,,,,,,,,,,,,
Produce Express,"Mycopia-Sebastopol, Ca (Certified Organic)",RETAIL CHEFS SAMPLER MUSHROOM 6/8OZ,Produce,Organic,,,1,,,,,1,,,,,,,,,,,,,,,,,,,,,
Produce Express,Origin Not Specified,RADISH SPROUTS *ORGANIC*,Produce,Organic,,,1,,,,,1,,,,,,,,,,,,,,,,,,,,,
Produce Express,Out Of State Washington,ORGANIC GALA APPLES 12/2# CELLO,Produce,Organic,,,1,,,,,1,,,,,,,,,,,,,,,,,,,,,
Produce Express,"Palm Acres-Lathrop, Ca",EGGS ORGANIC DOZEN,Eggs,Organic,,,1,,,,,1,,,,,,,,,,,,,,,,,,,,,
Produce Express,"Riverdog Farm-Guinda, Ca (Certified Organic)",BLOOMSDALE SPINACH,Produce,Organic,,,1,,,,,1,,,,,,,,,,,,,,,,,,,,,
Produce Express,"Riverdog Farm-Guinda, Ca (Certified Organic)",CHOPPED RAINBOW CHARD 5#,Produce,Organic,,,1,,,,,1,,,,,,,,,,,,,,,,,,,,,
Produce Express,"Riverdog Farm-Guinda, Ca (Certified Organic)",CONSUMER BOX *UCD MED SPECIAL*,Produce,Organic,,,1,,,,,1,,,,,,,,,,,,,,,,,,,,,
Produce Express,"Riverdog Farm-Guinda, Ca (Certified Organic)",KING RICHARDS LEEKS (ORGANIC),Produce,Organic,,,1,,,,,1,,,,,,,,,,,,,,,,,,,,,
Produce Express,"Riverdog Farm-Guinda, Ca (Certified Organic)",MIXED MEDLEY CHERRY CASE,Produce,Organic,,,1,,,,,1,,,,,,,,,,,,,,,,,,,,,
Produce Express,"Riverdog Farm-Guinda, Ca (Certified Organic)",SCARLET QUEEN TURNIP 10#,Produce,Organic,,,1,,,,,1,,,,,,,,,,,,,,,,,,,,,
Produce Express,"Sciabica-Modesto, Ca",MISSION TRAIL OLIVE OIL 2.64 GALLON,Oil/ Vinegar,Fair Trade,,,1,,,,,,,1,1,,,,,,,,,,,,,,,,,,
Produce Express,"Sierra Nevada Cheese Company-Willows, Ca",ORGANIC EURO-STYLE UNSALTED BUTTER 15/1#,Other Dairy,Organic,,,1,,,,,1,,,,,,,,,,,,,,,,,,,,,
Produce Express,Terra Firma,ORGANIC FENNEL 12 COUNT,Produce,Organic,,,1,,,,,1,,,,,,,,,,,,,,,,,,,,,
Produce Express,Terra Firma,UCDMC LOCAL DICED RED BEETS 5# (TERRA FIRMA),Produce,Organic,,,1,,,,,1,,,,,,,,,,,,,,,,,,,,,
Produce Express,"Twin Peaks Orchards-Newcastle, Ca (Certified Organic)",MIXED MELON CASE,Produce,Organic,,,1,,,,,1,,,,,,,,,,,,,,,,,,,,,
Produce Express,"Twin Peaks Orchards-Newcastle, Ca (Certified Organic)",NECTARINES-YELLOW SINGLE LAYER (TWIN PEAKS),Produce,Organic,,,1,,,,,1,,,,,,,,,,,,,,,,,,,,,
Produce Express,"Twin Peaks Orchards-Newcastle, Ca (Certified Organic)",PEACHES CASE 1 LAYER (TWIN PEAKS),Produce,Organic,,,1,,,,,1,,,,,,,,,,,,,,,,,,,,,
Produce Express,"Twin Peaks Orchards-Newcastle, Ca (Certified Organic)",PERSIMMON AMAGAKI (1 LAYER),Produce,Organic,,,1,,,,,1,,,,,,,,,,,,,,,,,,,,,
Produce Express,"Twin Peaks Orchards-Newcastle, Ca (Certified Organic)",SATSUMA MANDARIN 25# (LOCAL),Produce,Organic,,,1,,,,,1,,,,,,,,,,,,,,,,,,,,,
Produce Express,"Twin Peaks Orchards-Newcastle, Ca (Certified Organic)",SQUASH BLOSSOMS 24COUNT,Produce,Organic,,,1,,,,,1,,,,,,,,,,,,,,,,,,,,,
Produce Express,"Twin Peaks Orchards-Newcastle, Ca (Certified Organic)",WHITE NECTARINE 1 LAYER (TWIN PEAKS),Produce,Organic,,,1,,,,,1,,,,,,,,,,,,,,,,,,,,,
Produce Express,"Watsonville, Ca",FARMERS MARKET STRAWBERRIES (LOCAL),Produce,Fair Trade,,,1,,,,,,,1,1,,,,,,,,,,,,,,,,,,
Produce Express,"Yolo, Ca",APRICOTS 12# LOCAL BLENHEIM,Produce,"Organic, Fair Trade",,,1,,,,,1,,1,1,,,,,,,,,,,,,,,,,,
Royal Cup,Hc Valentine,WHOLE BEAN DECAF ESPRESSO,Coffee/Tea,USDA Organic,1157,1,,,,,,1,,,,,,,,,,,,,,,,,,,,,
Royal Cup,Hc Valentine,WHOLE BEAN ESPRESSO,Coffee/Tea,USDA Organic,1142,1,,,,,,1,,,,,,,,,,,,,,,,,,,,,
Royal Cup,Royal Cup Signature,RAINFOREST BOLD COFFEE,Coffee/Tea,Rainforest Alliance,1351,1,,,,,,,,,1,,,,,,,,,,,,,,,,,,
Royal Cup,Royal Cup Signature,RAINFOREST BOLD DECAF COFFEE,Coffee/Tea,Rainforest Alliance,1352,1,,,,,,,,,1,,,,,,,,,,,,,,,,,,
STARBUCKS COFFEE COMPANY,Tazo,SBUX TAZO GREEN ORGANIC TEA,Coffee/Tea,OG,3496,,,,1,,,,,,,,,,,,,,,,,,,,,,,,
Sysco,Al Dente Pasta,SAUCE PASTA ITALIAN PREMIUM CA,Packaged Foods,OG,2299,,,,,,1,,,,,,,,,,,,,,,,,,,,,,
Sysco,Annie's Homegrown,SAUCE WORCESTERSHIRE ORG VGN,Sauce/ Seasoning,Organic,4470847,,,1,,,,1,,,,,,,,,,,,,,,,,,,,,
Sysco,Blurbcl,ICE CREAM ORG DREAM BAR,Dessert,Organic,5276617,,,1,,,,1,,,,,,,,,,,,,,,,,,,,,
Sysco,Bobsred,OAT ROLLED OLD FSHN GLTFR ORGC,Grain,Organic,9905724,,,1,,,,1,,,,,,,,,,,,,,,,,,,,,
Sysco,Chobani,BEV YOGURT DRINK CHOB STRW BAN,Other Dairy,FT,8275,,,,,,1,,,,,,,,,,,,,,,,,,,,,,
Sysco,Cliff Bars,CLIFBAR ENRGY PB CRUNCH BAR,Snacks,RAC,8257,,,,,,1,,,,1,,,,,,,,,,,,,,,,,,
Sysco,Deb El Food Products Llc,EGG HARDCOOKED & PLD CGE FREE,Eggs,OG,730,,,,,,1,,,,,,,,,,,,,,,,,,,,,,
Sysco,Deb El Food Products Llc,Egg Liquid Whole Cage Free With Citric Acid,Eggs,CH,2002915,,,,,1,1,1,1,,,,,,,,,,,,,,,,,,,,
Sysco,Dole,SOFT SERVE MIX RASPBERRY VGA,Dessert,RAC,4158,,,,,,1,,,,1,,,,,,,,,,,,,,,,,,
Sysco,Giustos,FLOUR UNBLCHD ORG ALL-FAMILY,Grain,Organic,4048880,,,1,,,,1,,,,,,,,,,,,,,,,,,,,,
Sysco,Grdnbrg,PATTY VEG BRGR ORG VEGN MALIBU,Soy Protein,Organic,5819729,,,1,,,,1,,,,,,,,,,,,,,,,,,,,,
Sysco,Horizon Organic Dairy,MILK CHOC REDUC MILK ORGANIC,Milk,Organic,6355857,,,1,,,,1,,,,,,,,,,,,,,,,,,,,,
Sysco,Koch's Poultry,Chicken Cvp Wing 1&2 Joint Small Halal,Chicken,CH,3862826,,,,,1,,,,,,,,,,,,,,,,,,,,,,,
Sysco,Lightlife Foods Inc,VEGAN TEMPEH SOY,Packaged Foods,OG,1405,,,,,,1,,,,,,,,,,,,,,,,,,,,,,
Sysco,Lipton,TEA BAG ICE TROPICAL LIPOTON 2/24CT,Coffee/Tea,RA,5386,,,,1,,,,,,1,,,,,,,,,,,,,,,,,,
Sysco,Lipton,Tea Hot Bag Black Envelope,Coffee/Tea,RAC,4046330,,,,,1,,,,,1,,,,,,,,,,,,,,,,,,
Sysco,Mary's Chicken,MARY RANDOM HALAL CHICKEN BREAST 40LB,Chicken,"CH, GAP",2766,,,,1,,,,,,,,,1,,,,,,,,,,,,,,,
Sysco,Mary's Chicken,MARY WHOLE WOG HALAL FRYER 44LB/12EA,Chicken,"CH, GAP",2765,,,,1,,,,,,,,,1,,,,,,,,,,,,,,,
Sysco,Mi Rancho,Tortilla Corn 4.5 Inch Yellow Organic,Bread Products,OG,7027854,,,,,1,,,,,,,,,,,,,,,,,,,,,,,
Sysco,Mrs Fri,CRAB CAKE BRD O/R KRABBY 3 OZ,Seafood,MSC or Monterey Bay,1783950,,,1,,,,,,,,,,,,1,,1,,,,,,,,,,,
Sysco,Mrs Fri,LOBSTER MEAT SENSATIONS,Seafood,MSC or Monterey Bay,4488276,,,1,,,,,,,,,,,,1,,1,,,,,,,,,,,
Sysco,Once Again,NUTS ALMOND BUTTER NAT CREAMY,Nuts/ Seeds,OG,2469,,,,,,1,,,,,,,,,,,,,,,,,,,,,,
Sysco,Oregon Chai,TEA CONC ORIG CHAI,Coffee/Tea,OG,15,,,,,,1,,,,,,,,,,,,,,,,,,,,,,
Sysco,Orgncvl,MILK WHITE LOW FAT 1% ORGANIC,Milk,Organic,5297413,,,1,,,,1,,,,,,,,,,,,,,,,,,,,,
Sysco,Pacific,MILK ALMOND NUT ORGANIC,Dairy Alternative,Organic,6805576,,,1,,1,,1,,,,,,,,,,,,,,,,,,,,,
Sysco,Pacific,Milk Coconut Original Organic,Dairy Alternative,OG,3660127,,,,,1,,,,,,,,,,,,,,,,,,,,,,,
Sysco,Packer,SAUSAGE CHORIZO SOY ORGANIC,Soy Protein,Organic,7016094,,,1,,,,1,,,,,,,,,,,,,,,,,,,,,
Sysco,Pompeian Organic,POMPEIAN ORG OLIVE OIL 16OZ,Oil/ Vinegar,OG,2803,,,,1,,,,,,,,,,,,,,,,,,,,,,,,
Sysco,Portcls,CLAM BABY MEAT VPAC 300/500 CT,Seafood,MSC or Monterey Bay,123034,,,1,,,,,,,,,,,,1,,1,,,,,,,,,,,
Sysco,Portico Simply,Salmon Atlantic Portion Skinless 8 Oz Norway,Seafood,GAP,8496366,,,,,1,,,,,,,,1,,,,,,,,,,,,,,,
Sysco,Portsim,CLAM MEAT SEA CHOPPED IQF USA,Seafood,MSC or Monterey Bay,7626203,,,1,,,,,,,,,,,,1,,1,,,,,,,,,,,
Sysco,Portsim,LOBSTER TAIL N.ATL PREM 5-6OZ,Seafood,MSC or Monterey Bay,6836142,,,1,,,,,,,,,,,,1,,1,,,,,,,,,,,
Sysco,Portsim,POLLOCK FIL BTRD PUB STY 2-3Z,Seafood,MSC or Monterey Bay,5014622,,,1,,,,,,,,,,,,1,,1,,,,,,,,,,,
Sysco,Sbenito,TOMATO DICED IN JCE ORGANIC,Produce,Organic,8233706,,,1,,,,1,,,,,,,,,,,,,,,,,,,,,
Sysco,Sea Watch,CLAM MEAT SEA CHOPPED IQF,Seafood,MSC or Monterey Bay,2820064,,,1,,,,,,,,,,,,1,,1,,,,,,,,,,,
Sysco,Silk,MILK SOY UNSWTND ORGANIC,Dairy Alternative,Organic,8126627,,,1,,,,1,,,,,,,,,,,,,,,,,,,,,
Sysco,Slade Gordon,GENERIC FOOD Shrimp White Raw 41-50 Count,Seafood,MSC,7777,,,,,,1,,,,,,,,,,,1,,,,,,,,,,,
Sysco,Sukhi's Quick-N-Ezee,ENTREE BEAN DAL SAAG,Packaged Foods,OG,2267,,,,,,1,,,,,,,,,,,,,,,,,,,,,,
Sysco,Sukhi's Quick-N-Ezee,PASTE CURRY TIKKA MASALA,Packaged Foods,OG,2218,,,,,,1,,,,,,,,,,,,,,,,,,,,,,
Sysco,Sukhi's Quick-N-Ezee,SUKHI POTATO SAMOSA 1.6 OZ,Packaged Foods,OG,2366,,,,,,1,,,,,,,,,,,,,,,,,,,,,,
Sysco,Sysco Imperial,Chocolate Chips Semi Real 4000 Count maybe Hersheys,Baking Ingredients,RAC,5335724,,,,,1,,,,,1,,,,,,,,,,,,,,,,,,
Sysco,Sysco Imperial,DRESSING VINGRT BLOOD ORG SHAL,Sauce/ Seasoning,Organic,4626562,,,1,,,,1,,,,,,,,,,,,,,,,,,,,,
Sysco,Tractor Organic,BEV CONC HIBISCUS SODA ORG,Soda,OG,4681,,,,,,1,,,,,,,,,,,,,,,,,,,,,,
Sysco,Tractor Organic,BEV CONC STRAWB DRAGON SODA,Soda,OG,4678,,,,,,1,,,,,,,,,,,,,,,,,,,,,,
Sysco,Village Harvest,Grain Quinoa Red Organic,Grain,OG,4140479,,,,,1,,,,,,,,,,,,,,,,,,,,,,,
Sysco,Village Harvest,Grain Quinoa Triple Color Organic,Grain,OG,4012080,,,,,1,,,,,,,,,,,,,,,,,,,,,,,
Sysco,Wawona Frozen Foods,FRUIT MANGO CHUNKS IQF,Produce,OG,2028,,,,,,1,,,,,,,,,,,,,,,,,,,,,,
Sysco,Wldplnt,TUNA ALBACORE 100% & SEA SALT,Seafood,MSC or Monterey Bay,7032178,,,1,,,,,,,,,,,,1,,1,,,,,,,,,,,
Tonys,Niman Ranch,"Beef, Knuckle Grass Fed NAE CH",Beef,NAE,,,1,,,,,,,,,,,,,,,,,,,,,,,,,,
Tonys,Sunfed Ranch,"Corned Beef, Brisket Uncured Grass Fed",Beef,American Grass Fed,,,1,,,,,,,,1,1,,,,,,,,,,,,,,,,,
UNFI,Alter Eco,"GRANOLA,OG2,CINN RAISIN",Cereal,Organic,280213,,,1,,,,1,,,,,,,,,,,,,,,,,,,,,
UNFI,Amy's,BURRITO BEAN/RICE D/GF AMY's,Packaged Foods,OG,2466,,,,,,1,,,,,,,,,,,,,,,,,,,,,,
UNFI,Amy's,OG VEGTBLE LASAGNA,Pasta,Organic,1601508,,,1,,,,1,,,,,,,,,,,,,,,,,,,,,
UNFI,Amy's,OG3 AMYS BLACK BEAN ENCH,Beans,Organic,,,1,,,,,1,,,,,,,,,,,,,,,,,,,,,
UNFI,Amy's,OG3 AMYS BN/RC BRTO D/GF,Packaged Foods,Organic,,,1,,,,,1,,,,,,,,,,,,,,,,,,,,,
UNFI,Amy's,OG3 AMYS BN/RC/CHZ BURRI,Packaged Foods,Organic,,,1,,,,,1,,,,,,,,,,,,,,,,,,,,,
UNFI,Amy's,OG3 AMYS CHILI MAC BOWL,Packaged Foods,Organic,,,1,,,,,1,,,,,,,,,,,,,,,,,,,,,
UNFI,Amy's,OG3 AMYS INDN VEG KORMA,Packaged Foods,Organic,,,1,,,,,1,,,,,,,,,,,,,,,,,,,,,
UNFI,Amy's,"OG3 AMYS VEG LSGN,GF,DF",Packaged Foods,Organic,,,1,,,,,1,,,,,,,,,,,,,,,,,,,,,
UNFI,Amy's,OG3 AMYS VEGETABLE LASAG,Produce,Organic,,,1,,,,,1,,,,,,,,,,,,,,,,,,,,,
UNFI,Amy's,OG3 AMYS WW MAC & CHEESE,Cheese,Organic,,,1,,,,,1,,,,,,,,,,,,,,,,,,,,,
UNFI,Amy's,VEGAN BROC CHEESE AMY's,Packaged Foods,OG,2479,,,,,,1,,,,,,,,,,,,,,,,,,,,,,
UNFI,Annie's Homegrown,ANNIE's MICROWAVABLE SHELLS & CHEDDAR,Cheese,OG,10219,,,,,,1,,,,,,,,,,,,,,,,,,,,,,
UNFI,Annie's Homegrown,DRESSING ANNIES ASIAN SESAME,Sauce/ Seasoning,OG,3094,,,,,,1,,,,,,,,,,,,,,,,,,,,,,
UNFI,Annie's Homegrown,DRESSING ANNIES BALSAMIC VIN,Sauce/ Seasoning,OG,4941,,,,,,1,,,,,,,,,,,,,,,,,,,,,,
UNFI,Annie's Homegrown,DRESSING ANNIES GODDESS 8 OZ,Sauce/ Seasoning,OG,10017,,,,,,1,,,,,,,,,,,,,,,,,,,,,,
UNFI,Annie's Homegrown,DRESSING ANNIES SHIITAKE SESAME,Sauce/ Seasoning,OG,450,,,,,,1,,,,,,,,,,,,,,,,,,,,,,
UNFI,Annie's Homegrown,DRESSING FRENCH ANNIES,Sauce/ Seasoning,OG,4508,,,,,,1,,,,,,,,,,,,,,,,,,,,,,
UNFI,Annie's Homegrown,DRESSING SESAME GINGER ANNIES,Sauce/ Seasoning,OG,1603,,,,,,1,,,,,,,,,,,,,,,,,,,,,,
UNFI,Annie's Homegrown,OG2 AH CHED BUNNIES CRKR,Bread Products,Organic,,,1,,,,,1,,,,,,,,,,,,,,,,,,,,,
UNFI,Annie's Homegrown,SNACK MIX CHED ANNIES,Snacks,OG,1291,,,,,,1,,,,,,,,,,,,,,,,,,,,,,
UNFI,Annie's Homegrown,SNACK SEAWEED SEA SALT ANNIES,Snacks,OG,3047,,,,,,1,,,,,,,,,,,,,,,,,,,,,,
UNFI,Annie's Homegrown,SWEET ANNIE's SMORES SANDWICHES 8 OZ,Snacks,OG,4453,,,,,,1,,,,,,,,,,,,,,,,,,,,,,
UNFI,Asian Gourmet,RC CRKR OG2 KRN BB,Snacks,Organic,4170033,,,1,,,,1,,,,,,,,,,,,,,,,,,,,,
UNFI,Asian Gourmet,"RCE CRKR THN,OG2,SWT CHLI",Packaged Foods,Organic,282647,,,1,,,,1,,,,,,,,,,,,,,,,,,,,,
UNFI,Asian Gourmet,"RICE CRKR THINS,OG2,ORIG",Packaged Foods,Organic,282650,,,1,,,,1,,,,,,,,,,,,,,,,,,,,,
UNFI,Asian Gourmet,"RICE CRKR THN,OG2,GAR PPR",Packaged Foods,Organic,282646,,,1,,,,1,,,,,,,,,,,,,,,,,,,,,
UNFI,Barnana,OG2 BARN CHOC CHEWY BAN,Snacks,Organic,,,1,,,,,1,,,,,,,,,,,,,,,,,,,,,
UNFI,Barnana,OG2 BARN PBTR CHEWY BAN,Snacks,Organic,,,1,,,,,1,,,,,,,,,,,,,,,,,,,,,
UNFI,Bluebird Grains,"FARRO,OG2,EMMER,WHL GRAIN",Grain,Organic,154356,,,1,,,,1,,,,,,,,,,,,,,,,,,,,,
UNFI,Bulk,OG HULLED MILLET,Grain,Organic,6010359,,,1,,,,1,,,,,,,,,,,,,,,,,,,,,
UNFI,Bulk,QUINOA OG IMPORTED,Grain,Organic,4133349,,,1,,,,1,,,,,,,,,,,,,,,,,,,,,
UNFI,Bulk Flours And Baking Ingred,"CHOC CHIPS,OG2,DARK",Snacks,Organic,107344,,,1,,,,1,,,,,,,,,,,,,,,,,,,,,
UNFI,Bulk Seeds,"SUNFLOWR KRNEL,OG2,PSTRZD",Nuts/ Seeds,Organic,46715,,,1,,,,1,,,,,,,,,,,,,,,,,,,,,
UNFI,California Farms,"CONDENSED MLK,OG2,SWEETND",Candy,Organic,37707,,,1,,,,1,,,,,,,,,,,,,,,,,,,,,
UNFI,Cascadian Farm,"GARDENERS BLEND,OG2",Packaged Foods,Organic,15170,,,1,,,,1,,,,,,,,,,,,,,,,,,,,,
UNFI,Cascadian Farm,"STRAWBERRIES,OG2",Produce,Organic,34430,,,1,,,,1,,,,,,,,,,,,,,,,,,,,,
UNFI,Chobani,YOGURT STRAW GREEK NF QT,Other Dairy,FT,716,,,,,,1,,,,,,,,,,,,,,,,,,,,,,
UNFI,Cliff Bars,BAR CLIF WHITE CHOC MACADAMIA,Snacks,RAC,10476,,,,,,1,,,,1,,,,,,,,,,,,,,,,,,
UNFI,Cocojune,OG2 CJ YOG LMN ELDRFLWR,Other Dairy,Organic,,,1,,,,,1,,,,,,,,,,,,,,,,,,,,,
UNFI,Cocojune,OG2 CJ YOG PURE COCONUT,Other Dairy,Organic,,,1,,,,,1,,,,,,,,,,,,,,,,,,,,,
UNFI,Dream,"RICE ENRICH BEV,OG2,ORGNL",Grain,Organic,30594,,,1,,,,1,,,,,,,,,,,,,,,,,,,,,
UNFI,Earthbound,FRUIT FRZ MANGO 10 OZ,Packaged Foods,OG,3868,,,,,,1,,,,,,,,,,,,,,,,,,,,,,
UNFI,Eden,SNACK EDEN PISTACHIOS DRY ROASTED,Nuts/ Seeds,OG,10020,,,,,,1,,,,,,,,,,,,,,,,,,,,,,
UNFI,Eden Foods,"ALMONDS,OG2,TAMARI",Nuts/ Seeds,Organic,141890,,,1,,,,1,,,,,,,,,,,,,,,,,,,,,
UNFI,Element,ELEM RC CK STRW CRM,Snacks,OG,3250,,,,,,1,,,,,,,,,,,,,,,,,,,,,,
UNFI,Equal Exc,HOT COCOA OG2,Coffee/Tea,Fair trade,3480287,,,1,,,,,,1,1,,,,,,,,,,,,,,,,,,
UNFI,Field Day,CHIPS TORTILLA YELLOW,Snacks,OG,967,,,,,,1,,,,,,,,,,,,,,,,,,,,,,
UNFI,Field Day,OG2 FD CNLA OIL CKNG SPY,Oil/ Vinegar,Organic,,,1,,,,,1,,,,,,,,,,,,,,,,,,,,,
UNFI,Field Day,"SALSA,OG2,JALAP LIME,HOT",Produce,Organic,85290,,,1,,,,1,,,,,,,,,,,,,,,,,,,,,
UNFI,Food Earth,H&E FOOD EARTH ORGANIC LENTIL CURRY,Packaged Foods,OG,10128,,,,,,1,,,,,,,,,,,,,,,,,,,,,,
UNFI,Food Earth,H&E FOOD EARTH VEG BIRYANI,Packaged Foods,OG,10115,,,,,,1,,,,,,,,,,,,,,,,,,,,,,
UNFI,Forager,OG CSH MLK BLB YOG,Dairy Alternative,Organic,7551643,,,1,,,,1,,,,,,,,,,,,,,,,,,,,,
UNFI,Forager,OG CSH MLK PLN YOG,Dairy Alternative,Organic,7551636 7551646,,,1,,,,1,,,,,,,,,,,,,,,,,,,,,
UNFI,Forager,OG CSH MLK STW YOG,Dairy Alternative,Organic,7551644,,,1,,,,1,,,,,,,,,,,,,,,,,,,,,
UNFI,Forager,OG CSH MLK VAN YOG,Dairy Alternative,Organic,7551645,,,1,,,,1,,,,,,,,,,,,,,,,,,,,,
UNFI,Frontier Nat Prod Co-Op,GARAM MASALA OG2,Spices,Organic,4241842,,,1,,,,1,,,,,,,,,,,,,,,,,,,,,
UNFI,Frontier Nat Prod Co-Op,OG2 FC POPPY SEED WHOLE,Nuts/ Seeds,Organic,,,1,,,,,1,,,,,,,,,,,,,,,,,,,,,
UNFI,Grains,OG1 BULGUR MED COARSE #3,Grain,Organic,,,1,,,,,1,,,,,,,,,,,,,,,,,,,,,
UNFI,Grains,OG1 KAMUT BERRIES,Grain,Organic,,,1,,,,,1,,,,,,,,,,,,,,,,,,,,,
UNFI,Green Girl Bakeshop,OG2 BAKESP CKIE SAND VAN,Baking Ingredients,Organic,,,1,,,,,1,,,,,,,,,,,,,,,,,,,,,
UNFI,Health Valley Natural Foods,"SOUP,OG2,MINESTRONE,NS",Packaged Foods,Organic,46302,,,1,,,,1,,,,,,,,,,,,,,,,,,,,,
UNFI,Hope,OG2 MILD GREEN,Sauce/ Seasoning,Organic,8070564,,,1,,,,1,,,,,,,,,,,,,,,,,,,,,
UNFI,Hope,OG2 SPICY GREE,Sauce/ Seasoning,Organic,8070565,,,1,,,,1,,,,,,,,,,,,,,,,,,,,,
UNFI,Just Date Syrup,OG2 JST DATE POMGRNT SYR,Packaged Foods,Organic,,,1,,,,,1,,,,,,,,,,,,,,,,,,,,,
UNFI,Kettle Brand,"POTATO CHIPS,OG2,SLT&PEP",Snacks,Organic,72577,,,1,,,,1,,,,,,,,,,,,,,,,,,,,,
UNFI,Koyo,OG2 UDON NDLS WIDE,Packaged Foods,Organic,4171152,,,1,,,,1,,,,,,,,,,,,,,,,,,,,,
UNFI,Koyo,OG3 KOYO SPICY KMCHI RMN,Packaged Foods,Organic,,,1,,,,,1,,,,,,,,,,,,,,,,,,,,,
UNFI,Koyo,OG3 KOYO SPICY SZCHN RMN,Packaged Foods,Organic,,,1,,,,,1,,,,,,,,,,,,,,,,,,,,,
UNFI,Koyo,OG3 KOYO WAKAME MISO RMN,Packaged Foods,Organic,,,1,,,,,1,,,,,,,,,,,,,,,,,,,,,
UNFI,Koyo,UDON OG2,Packaged Foods,Organic,4461065,,,1,,,,1,,,,,,,,,,,,,,,,,,,,,
UNFI,L & A Juice,"CIDER,OG2,SPARKLING",Juice,Organic,235596,,,1,,,,1,,,,,,,,,,,,,,,,,,,,,
UNFI,Lesser Evil,LE BDA BWL HMLYN GLD,Snacks,OG,3676,,,,,,1,,,,,,,,,,,,,,,,,,,,,,
UNFI,Lesser Evil,OG2 LE HIMLYN PNK SNK PK,Snacks,Organic,,,1,,,,,1,,,,,,,,,,,,,,,,,,,,,
UNFI,Lesser Evil,OG2 LE PCRN HIMLYN PINK,Snacks,Organic,,,1,,,,,1,,,,,,,,,,,,,,,,,,,,,
UNFI,Let's Do Organic,"ICE CRM CNES,OG2 S1212331",Frozen Dessert,Organic,59363,,,1,,,,1,,,,,,,,,,,,,,,,,,,,,
UNFI,Lifeway,"KEFIR,OG2,WM,LEMON",Produce,Organic,260696,,,1,,,,1,,,,,,,,,,,,,,,,,,,,,
UNFI,Lifeway,"KEFIR,OG2,WM,MXD BRY",Other Dairy,Organic,260695,,,1,,,,1,,,,,,,,,,,,,,,,,,,,,
UNFI,Lifeway,"KEFIR,OG2,WM,PEACH",Other Dairy,Organic,260697,,,1,,,,1,,,,,,,,,,,,,,,,,,,,,
UNFI,Lundberg Family Farms,OG2 LUND RCAKE MINI SSLT,Dessert,Organic,,,1,,,,,1,,,,,,,,,,,,,,,,,,,,,
UNFI,Lundberg Family Farms,OG2 LUND RCAKE MINI WCHD,Dessert,Organic,,,1,,,,,1,,,,,,,,,,,,,,,,,,,,,
UNFI,Lundberg Family Farms,"RICE,OG2,WHITE,SHRT,SUSHI",Grain,Organic,29616,,,1,,,,1,,,,,,,,,,,,,,,,,,,,,
UNFI,Lundberg Farms,SNACK RICE CAKE CINNAMON TOAST,Snacks,OG,219,,,,,,1,,,,,,,,,,,,,,,,,,,,,,
UNFI,Mamma Chia,SNACK MAMMA CHIA SQZ BERRY ACAI,Snacks,OG,2105,,,,,,1,,,,,,,,,,,,,,,,,,,,,,
UNFI,Mamma Chia,SNACK MAMMA CHIA SQZ BLACKBERRY,Snacks,OG,3382,,,,,,1,,,,,,,,,,,,,,,,,,,,,,
UNFI,Mamma Chia,SNACK MC STRWLMN CHIASQZ,Snacks,OG,1375,,,,,,1,,,,,,,,,,,,,,,,,,,,,,
UNFI,Nancy's,"CREAM CHEESE,OG2",Cheese,Organic,79319,,,1,,,,1,,,,,,,,,,,,,,,,,,,,,
UNFI,Nancy's,"YOG,OG2,WM,PLAIN",Other Dairy,Organic,28067,,,1,,,,1,,,,,,,,,,,,,,,,,,,,,
UNFI,Nature's Path,CEREAL LEAPIN LEMURS ORG,Grain,OG,1504,,,,,,1,,,,,,,,,,,,,,,,,,,,,,
UNFI,Nature's Path,"CEREAL,OG2,CRN FLK,FJS,BG",Cereal,Organic,47106,,,1,,,,1,,,,,,,,,,,,,,,,,,,,,
UNFI,Nature's Path,"CEREAL,OG2,HERITAGE",Cereal,Organic,19014,,,1,,,,1,,,,,,,,,,,,,,,,,,,,,
UNFI,Nature's Path,"CEREAL,OG2,LVCRNCH,APLCRM",Cereal,Organic,108538,,,1,,,,1,,,,,,,,,,,,,,,,,,,,,
UNFI,Nature's Path,"CEREAL,OG2,MILLET RC FLKE",Cereal,Organic,47174,,,1,,,,1,,,,,,,,,,,,,,,,,,,,,
UNFI,Nature's Path,"GRANOLA,OG2,HEMP PLUS",Cereal,Organic,95083,,,1,,,,1,,,,,,,,,,,,,,,,,,,,,
UNFI,Nature's Path,"GRANOLA,OG2,HEMP PLUS,WF",Cereal,Organic,96544,,,1,,,,1,,,,,,,,,,,,,,,,,,,,,
UNFI,Nature's Path,"GRNLA,OG2,LVCRNCH,CHCBRY",Cereal,Organic,108534,,,1,,,,1,,,,,,,,,,,,,,,,,,,,,
UNFI,Nature's Path,"WAFFLE,OG2,FLAXPLUS",Packaged Foods,Organic,53636,,,1,,,,1,,,,,,,,,,,,,,,,,,,,,
UNFI,Nature's Path-Envirokidz,"GORILLA MUNCH,OG2,G/F",Cereal,Organic,96593,,,1,,,,1,,,,,,,,,,,,,,,,,,,,,
UNFI,Nature's Path-Envirokidz,"PANDA PUFFS,OG2,ECO PAC",Cereal,Organic,26803,,,1,,,,1,,,,,,,,,,,,,,,,,,,,,
UNFI,Newman's Own,COOKIE O's CHOC CREAM NEWMANS,Snacks,RAC,346,,,,,,1,,,,1,,,,,,,,,,,,,,,,,,
UNFI,Newman's Own,NEWMANS OG2 NMS MICRO PCORN BTR,Snacks,RAC,8178,,,,,,1,,,,1,,,,,,,,,,,,,,,,,,
UNFI,Newman's Own,SAUCE ULTRA PREMIUM NEWMAN's 23.5Z,Packaged Foods,RAC,2932,,,,,,1,,,,1,,,,,,,,,,,,,,,,,,
UNFI,Newman's Own,SNACK POPCORN MICRO BUTTER NEWMAN,Snacks,RAC,641,,,,,,1,,,,1,,,,,,,,,,,,,,,,,,
UNFI,Nugo Nutrition Bar,"BAR,OG2,DARK CHOC POMGRNT",Nuts/ Seeds,Organic,33346,,,1,,,,1,,,,,,,,,,,,,,,,,,,,,
UNFI,Numi Teas,SHELF NUMI GINGER LEMON HERB TEA 18 CT,Coffee/Tea,OG,3964,,,,,,1,,,,,,,,,,,,,,,,,,,,,,
UNFI,Numi Teas,TEA BAG ORG MATE LMN GREN RAIN,Coffee/Tea,OG,6539,,,,,,1,,,,,,,,,,,,,,,,,,,,,,
UNFI,Numi Teas,TEA CHAMOMILE LMN MEADOWS,Coffee/Tea,OG,6592,,,,,,1,,,,,,,,,,,,,,,,,,,,,,
UNFI,Numi Teas,TEA EARLGREY AGED BERGAMOT ORG,Coffee/Tea,OG,6643,,,,,,1,,,,,,,,,,,,,,,,,,,,,,
UNFI,Numi Teas,TEA GREEN GUNPOWDER GREEN,Coffee/Tea,OG,6645,,,,,,1,,,,,,,,,,,,,,,,,,,,,,
UNFI,Numi Teas,TEA GREEN JASMNE MONKEY KNG,Coffee/Tea,OG,5648,,,,,,1,,,,,,,,,,,,,,,,,,,,,,
UNFI,Numi Teas,TEA MOROCCAN MINT,Coffee/Tea,OG,5645,,,,,,1,,,,,,,,,,,,,,,,,,,,,,
UNFI,Numi Teas,TEA NUMI BREAKFAST BLEND,Coffee/Tea,OG,6644,,,,,,1,,,,,,,,,,,,,,,,,,,,,,
UNFI,Numi Teas,TEA NUMI GOLDEN CHAI,Coffee/Tea,OG,6016,,,,,,1,,,,,,,,,,,,,,,,,,,,,,
UNFI,Organic Valley,"CREAM CHEESE,OG2",Cheese,Organic,284162,,,1,,,,1,,,,,,,,,,,,,,,,,,,,,
UNFI,Organic Valley,"EGG,OG2,GRD A,LRG,BRN,CF",Eggs,Organic,88832,,,1,,,,1,,,,,,,,,,,,,,,,,,,,,
UNFI,Organic Valley,"MILK,OG2,UHT,1%,LACT FREE",Milk,Organic,97495,,,1,,,,1,,,,,,,,,,,,,,,,,,,,,
UNFI,Organic Valley,"STRINGLES,OG2",Cheese,Organic,60244,,,1,,,,1,,,,,,,,,,,,,,,,,,,,,
UNFI,Organic Valley,"SWISS,OG2,BBY,PASTEURIZED",Cheese,Organic,22857,,,1,,,,1,,,,,,,,,,,,,,,,,,,,,
UNFI,P.J.'s Organics,"BURRITO,OG2,BREAKFAST",Packaged Foods,Organic,79849,,,1,,,,1,,,,,,,,,,,,,,,,,,,,,
UNFI,P.J.'s Organics,"BURRITO,OG2,STEAK&CHEESE",Coffee/Tea,Organic,79847,,,1,,,,1,,,,,,,,,,,,,,,,,,,,,
UNFI,Pitaya Foods,"FROZEN PITAYA SMOOTHIE BOWL, CLARITY",Packaged Foods,OG,10241,,,,,,1,,,,,,,,,,,,,,,,,,,,,,
UNFI,Pitaya Foods,"FROZEN PITAYA SMOOTHIE BOWL, ENERGY",Packaged Foods,OG,10242,,,,,,1,,,,,,,,,,,,,,,,,,,,,,
UNFI,Pitaya Foods,"FROZEN PITAYA SMOOTHIE BOWL, IMMUNITY",Packaged Foods,OG,10243,,,,,,1,,,,,,,,,,,,,,,,,,,,,,
UNFI,Pitaya Foods,"FROZEN PITAYA SMOOTHIE BOWL, RECOVER",Packaged Foods,OG,10245,,,,,,1,,,,,,,,,,,,,,,,,,,,,,
UNFI,Pitaya Foods,INNER HEALTH FROZEN PITAYA BOWL,Packaged Foods,OG,10244,,,,,,1,,,,,,,,,,,,,,,,,,,,,,
UNFI,Sambazon,ACAI BOWL SUPERBERRY,Packaged Foods,OG,3236,,,,,,1,,,,,,,,,,,,,,,,,,,,,,
UNFI,Sambazon,SMB ACAI BOWL BRY BLIS,Packaged Foods,OG,8155,,,,,,1,,,,,,,,,,,,,,,,,,,,,,
UNFI,San-J,OG2 SANJ GF RS TAMRI SOY,Soy Protein,Organic,,,1,,,,,1,,,,,,,,,,,,,,,,,,,,,
UNFI,Santa Cruz Organic,"APPLESAUCE,OG2",Produce,Organic,16003,,,1,,,,1,,,,,,,,,,,,,,,,,,,,,
UNFI,Santa Cruz Organic,"PB,OG2,DR,CRNCH,S291490-1",Packaged Foods,Organic,203765,,,1,,,,1,,,,,,,,,,,,,,,,,,,,,
UNFI,Santa Cruz Organic,"PB,OG2,LTRST,CRMYS2914950",Packaged Foods,Organic,203766,,,1,,,,1,,,,,,,,,,,,,,,,,,,,,
UNFI,Santa Cruz Organic,"PBTR,OG2,DR,NSTR,CRUNCHY",Packaged Foods,Organic,291502,,,1,,,,1,,,,,,,,,,,,,,,,,,,,,
UNFI,Santa Cruz Organic,"PNTBTR,OG2,DRKRST,CRUNCHY",Packaged Foods,Organic,291490,,,1,,,,1,,,,,,,,,,,,,,,,,,,,,
UNFI,Seeds,OG1 BLACK CHIA SEEDS,Nuts/ Seeds,Organic,,,1,,,,,1,,,,,,,,,,,,,,,,,,,,,
UNFI,Seeds,OG2 GLDN FLAX SEEDS,Nuts/ Seeds,Organic,,,1,,,,,1,,,,,,,,,,,,,,,,,,,,,
UNFI,Seeds,OG2 SESAME SEEDS HULLED,Nuts/ Seeds,Organic,,,1,,,,,1,,,,,,,,,,,,,,,,,,,,,
UNFI,So Delic,OG CULT COC STW YG,Dairy Alternative,Organic,740164,,,1,,,,1,,,,,,,,,,,,,,,,,,,,,
UNFI,So Delicious,NON-DAIRY YOGURT COCONUT MILK PLAIN,Dairy Alternative,OG,7018,,,,,,1,,,,,,,,,,,,,,,,,,,,,,
UNFI,Swt Earth,OG GEN TSO's TOFU,Soy Protein,Organic,7111783,,,1,,,,1,,,,,,,,,,,,,,,,,,,,,
UNFI,Tasty Bite,RICE COCONUT TASTY BITE,Packaged Foods,OG,1635,,,,,,1,,,,,,,,,,,,,,,,,,,,,,
UNFI,Tasty Bite,TASTY BITE BROWN RICE,Packaged Foods,OG,8196,,,,,,1,,,,,,,,,,,,,,,,,,,,,,
UNFI,Tasty Bite,TASTY BITE JASMINE RICE,Packaged Foods,OG,8192,,,,,,1,,,,,,,,,,,,,,,,,,,,,,
UNFI,Tasty Bite,TASTY BITE KASHMIR SPINACH,Packaged Foods,OG,8194,,,,,,1,,,,,,,,,,,,,,,,,,,,,,
UNFI,Tasty Bite,TASTY BITE LONG GRAIN RICE 8.8 OZ,Packaged Foods,OG,4235,,,,,,1,,,,,,,,,,,,,,,,,,,,,,
UNFI,Tasty Bite,TASTY BITE MADRAS LENTILS,Packaged Foods,OG,8193,,,,,,1,,,,,,,,,,,,,,,,,,,,,,
UNFI,Tasty Bite,TASTY BITE PROTN BWL MEDITSTYL,Packaged Foods,OG,81202,,,,,,1,,,,,,,,,,,,,,,,,,,,,,
UNFI,Tasty Bite,TASTY BITE STICKY RICE 8.8 OZ,Packaged Foods,OG,4234,,,,,,1,,,,,,,,,,,,,,,,,,,,,,
UNFI,Tasty Bite,TASTY BITE THAI LIME PILAF,Packaged Foods,OG,8201,,,,,,1,,,,,,,,,,,,,,,,,,,,,,
UNFI,Tasty Bite,TASTY BITEOG2 TASTY TKA MSALA CHKP,Packaged Foods,OG,8190,,,,,,1,,,,,,,,,,,,,,,,,,,,,,
UNFI,Taza Chocolate,OG2 TAZA CACAO PURO BR,Produce,Organic,,,1,,,,,1,,,,,,,,,,,,,,,,,,,,,
UNFI,Tosi,"SPRBTS,OG2,PNUT DK CHC SS",Nuts/ Seeds,Organic,251170,,,1,,,,1,,,,,,,,,,,,,,,,,,,,,
UNFI,Tosi,"SUPERBITES,OG2,BLBRY ALMD",Snacks,Organic,244466,,,1,,,,1,,,,,,,,,,,,,,,,,,,,,
UNFI,Tosi,"SUPERBITES,OG2,CCNUT CSHW",Nuts/ Seeds,Organic,251169,,,1,,,,1,,,,,,,,,,,,,,,,,,,,,
UNFI,Traditional Medicinals,"HERB TEA,OG2,CHAMOM W/LAV",Coffee/Tea,Organic,67380,,,1,,,,1,,,,,,,,,,,,,,,,,,,,,
UNFI,Traditional Medicinals,"HERB TEA,OG2,GINGER AID",Coffee/Tea,Organic,34436,,,1,,,,1,,,,,,,,,,,,,,,,,,,,,
UNFI,Traditional Medicinals,"HERB TEA,OG2,LEMON BALM",Coffee/Tea,Organic,115306,,,1,,,,1,,,,,,,,,,,,,,,,,,,,,
UNFI,Traditional Medicinals,"HERB TEA,OG2,PEPPERMINT",Coffee/Tea,Organic,67390,,,1,,,,1,,,,,,,,,,,,,,,,,,,,,
UNFI,Traditional Medicinals,"TEA,OG2,GREEN,PEPPERMINT",Coffee/Tea,Organic,152218,,,1,,,,1,,,,,,,,,,,,,,,,,,,,,
UNFI,Traditional Medicinals,"TEA,OG2,NIGHTY NIGHT",Coffee/Tea,Organic,54620,,,1,,,,1,,,,,,,,,,,,,,,,,,,,,
UNFI,Traditional Medicinals,"TEA,OG2,THRT COAT LMN ECH",Coffee/Tea,Organic,15735,,,1,,,,1,,,,,,,,,,,,,,,,,,,,,
UNFI,Vermints,OG2 VERMINTS CINNAMINT,Candy,Organic,,,1,,,,,1,,,,,,,,,,,,,,,,,,,,,
UNFI,Vermints,OG2 VERMINTS GINGERMINT,Produce,Organic,,,1,,,,,1,,,,,,,,,,,,,,,,,,,,,
UNFI,Vermints,OG2 VERMINTS PEPPERMINT,Produce,Organic,,,1,,,,,1,,,,,,,,,,,,,,,,,,,,,
UNFI,Vermints,OG2 VERMINTS WINTERMINT,Candy,Organic,,,1,,,,,1,,,,,,,,,,,,,,,,,,,,,
UNFI,Wildwood Natural Foods,"TOFU,OG2,WTRPK SPRTD SLKN",Soy Protein,Organic,18369,,,1,,,,1,,,,,,,,,,,,,,,,,,,,,
UNFI,Woodstock,"ALMONDS,OG2,DARK CHOC",Nuts/ Seeds,Organic,97721,,,1,,,,1,,,,,,,,,,,,,,,,,,,,,
UNFI,Woodstock,"BANANA CHIPS,OG2",Snacks,Organic,65126,,,1,,,,1,,,,,,,,,,,,,,,,,,,,,
UNFI,Woodstock,"CORN,CUT,OG2,FRZ",Produce,Organic,58279,,,1,,,,1,,,,,,,,,,,,,,,,,,,,,
UNFI,Woodstock,DK CHOC ALMD OG2 S1082122,Candy,Organic,97509,,,1,,,,1,,,,,,,,,,,,,,,,,,,,,
UNFI,Woodstock,"KETCHUP,OG2,TOMATO",Produce,Organic,45517,,,1,,,,1,,,,,,,,,,,,,,,,,,,,,
UNFI,Woodstock,"PICKLES,OG2,BBY,KSHR DILL",Snacks,Organic,24268,,,1,,,,1,,,,,,,,,,,,,,,,,,,,,
UNFI,Woodstock,"SUGAR,OG2,BROWN",Baking Ingredients,Organic,32075,,,1,,,,1,,,,,,,,,,,,,,,,,,,,,
UNFI,Woodstock,"SUGAR,OG2,PURE CANE,GRAN",Baking Ingredients,Organic,32073,,,1,,,,1,,,,,,,,,,,,,,,,,,,,,
UNFI,Woodstock Mini Mes,"RCE BITE,OG2,DK CHC,SSLT",Snacks,Organic,169449,,,1,,,,1,,,,,,,,,,,,,,,,,,,,,
UNFI,Yogi,"TEA,OG2,CALMING",Coffee/Tea,Organic,35501,,,1,,,,1,,,,,,,,,,,,,,,,,,,,,
UPPER CRUST,Eden Organic,EDEN ORG WILDBERRY MIX NUTS 1OZ,Nuts/ Seeds,OG,2793,,,,1,,,,,,,,,,,,,,,,,,,,,,,,
US Foods,Abbotsford Farms,"EGG, HARD COOKED PEELED WHOLE CAGE-FREE REF DRY PILLOW PACK",Eggs,Cage Free; Certified Humane,,,1,,,,,,1,,,,,,,,,,,,,,,,,,,,
US Foods,Abbotsford Farms,"EGG, LIQUID WHITE CAGE-FREE PASTEURIZED CARTON GABLE TOP REF",Eggs,Cage Free; Certified Humane,,,1,,,,,,1,,,,,,,,,,,,,,,,,,,,
US Foods,Abbotsford Farms,"EGG, LIQUID WHITE MIX W/ FOOD COLORING CAGE-FREE PASTEURIZED BAG REF",Eggs,Cage Free; Certified Humane,,,1,,,,,,1,,,,,,,,,,,,,,,,,,,,
US Foods,Abbotsford Farms,"EGG, SHELL LARGE WHITE CAGE-FREE PASTEURIZED LOOSE PACK FRESH",Eggs,Cage Free; Certified Humane,,,1,,,,,,1,,,,,,,,,,,,,,,,,,,,
US Foods,Campfire Meats,"CHICKEN, BREAST AIRLINE SINGLE-LOBE 12 OZ BONE-IN SKIN-ON RAW REF",Chicken,NAE,,,1,,,,,,,,,,,,,,,,,,,,,,,,,,
US Foods,Campfire Meats,"CHICKEN, BREAST AIRLINE SINGLE-LOBE 6 OZ BONE-IN SKIN-ON RAW REF BAG",Chicken,NAE,,,1,,,,,,,,,,,,,,,,,,,,,,,,,,
US Foods,Campfire Meats,"CHICKEN, WHOLE W/OGIB 10 HD 4-4.5 LB BONE-IN SKIN-ON RAISED-W/O-ANTIBIOTICS",Chicken,NAE,,,1,,,,,,,,,,,,,,,,,,,,,,,,,,
US Foods,Campfire Meats,"CHICKEN, WHOLE W/OGIB 14 HD 3-3.25 LB BONE-IN SKIN-ON RAISED-W/O-ANTIBIOTIC",Chicken,NAE,,,1,,,,,,,,,,,,,,,,,,,,,,,,,,
US Foods,Community Grains,"PASTA, ROTELLE WHOLE GRAIN RAW SHELF STABLE BAG W/ADDED GLUTEN",Pasta,USDA Organic,,,1,,,,,1,,,,,,,,,,,,,,,,,,,,,
US Foods,Community Grains,"PASTA, TORCHIETTE WHOLE GRAIN RAW SHELF STABLE BULK W/ADDED GLUTEN",Pasta,USDA Organic,,,1,,,,,1,,,,,,,,,,,,,,,,,,,,,
US Foods,Compass Foods,"CHICKEN, DICED 1X1 THIGH MEAT RAISED-W/O-ANTIBIOTICS RAW REF VACUUM-PACK",Chicken,NAE,,,1,,,,,,,,,,,,,,,,,,,,,,,,,,
US Foods,Compass Foods,"CHICKEN, THIGH 4-5 OZ BONELESS-SKINLESS ANTIBIOTIC-FREE RAW REF VACUUM-PACK",Chicken,NAE,,,1,,,,,,,,,,,,,,,,,,,,,,,,,,
US Foods,Durham Ranch,"BEEF, GROUND 80/20 FINE RAW FROZEN GRASS FED",Beef,Grass Fed,,,1,,,,,,,,1,,,,,,,,,,,,,,,,,,
US Foods,Easy Eggs,"EGG, HARD COOKED PEELED WHOLE CAGE-FREE REF DRY PILLOW PACK GRAB N GO AMER",Eggs,Cage Free; Certified Humane,,,1,,,,,,1,,,,,,,,,,,,,,,,,,,,
US Foods,Foster Farms,"CHICKEN, BREAST SINGLE-LOBE 4 OZ BONELESS-SKINLESS RAISED-W/O-ANTIBIOTICS R",Chicken,NAE,,,1,,,,,,,,,,,,,,,,,,,,,,,,,,
US Foods,Foster Farms,"TURKEY, BREAST SLICED 1 OZ SKINLESS COOKED OVEN ROASTED REF",Turkey,NAE,,,1,,,,,,,,,,,,,,,,,,,,,,,,,,
US Foods,Foster Farms,"TURKEY, ROAST BREAST SKIN-ON SOLUTION ADDED 20% RAW BAG FROZEN",Turkey,NAE,,,1,,,,,,,,,,,,,,,,,,,,,,,,,,
US Foods,Grimmway Farms,"CARROT, ORANGE & YELLOW ORGANIC SHREDDED FRESH REF",Produce,USDA Organic,,,1,,,,,1,,,,,,,,,,,,,,,,,,,,,
US Foods,Harbor Banks,"CATFISH, 5-7 OZ SHANK FILLET BONELESS SKINLESS RAW IQF FROZEN BULK FARMED",Seafood,Marine Stewardship Council,,,1,,,,,,,,,,,,,,,1,,,,,,,,,,,
US Foods,Harbor Banks,"SALMON, SMOKED COLD NORWEGIAN 2 LB SIDE SLICED BONELESS-SKINLESS FROZEN IVP",Seafood,Marine Stewardship Council,,,1,,,,,,,,,,,,,,,1,,,,,,,,,,,
US Foods,Harvestland,"CHICKEN, BREAST SINGLE-LOBE 4 OZ BONELESS-SKINLESS RAISED-W/O-ANTIBIOTICS S",Chicken,NAE,,,1,,,,,,,,,,,,,,,,,,,,,,,,,,
US Foods,Heinz,"KETCHUP, TOMATO FANCY 33% ORGANIC POUCH SHELF STABLE",Produce,USDA Organic,,,1,,,,,1,,,,,,,,,,,,,,,,,,,,,
US Foods,Heinz,"MAYONNAISE, SS POUCH",Sauce/ Seasoning,USDA Organic,,,1,,,,,1,,,,,,,,,,,,,,,,,,,,,
US Foods,Horizon Organic,"CHEESE, MOZZARELLA STRING ORGANIC IW REF",Cheese,USDA Organic,,,1,,,,,1,,,,,,,,,,,,,,,,,,,,,
US Foods,Martinelli,"JUICE, ORGANIC SPARKLING APPLE JUICE",Juice,USDA Organic,,,1,,,,,1,,,,,,,,,,,,,,,,,,,,,
US Foods,Monarch,"SEASONING, BLEND GRANULATED ORGANIC SALT FREE SS PACKET SHELF STABLE SPICE",Sauce/ Seasoning,USDA Organic,,,1,,,,,1,,,,,,,,,,,,,,,,,,,,,
US Foods,Monarch,"TUNA, LIGHT SKIPJACK CHUNK IN WATER CAN SHELF STABLE MSC",Seafood,Marine Stewardship Council,,,1,,,,,,,,,,,,,,,1,,,,,,,,,,,
US Foods,Panorama Meats,"BEEF, PATTY GROUND 80/20 4:1 ROUND ORGANIC GRASS FED RAW FROZEN",Beef,Grass Fed; USDA Organic,,,1,,,,,1,,,1,,,,,,,,,,,,,,,,,,
US Foods,Rudis Organic Bakery,"ENGLISH MUFFIN, SOURDOUGH 2 OZ SLICED ORGANIC TRAY FROZEN",Bread Products,USDA Organic,,,1,,,,,1,,,,,,,,,,,,,,,,,,,,,
US Foods,Rumiano,"CHEESE, CHEDDAR WHITE MILD SLICED .75 OZ 4X4 ORGANIC PLASTIC WRAPPED REF",Cheese,USDA Organic,,,1,,,,,1,,,,,,,,,,,,,,,,,,,,,
US Foods,Rumiano,"CHEESE, CHEDDAR WHITE SHARP SHREDDED ORGANIC VACUUM-PACK REF",Cheese,USDA Organic,,,1,,,,,1,,,,,,,,,,,,,,,,,,,,,
US Foods,Rumiano,"CHEESE, MOZZARELLA CHEDDAR BLEND SHREDDED V-CUT GAS FLUSHED REF",Cheese,USDA Organic,,,1,,,,,1,,,,,,,,,,,,,,,,,,,,,
US Foods,S. Pellegrino,"WATER, SPARKLING MINERAL GLASS BOTTLE VARIABLE CARBONATED SELTZER",Soda,USDA Organic,,,1,,,,,1,,,,,,,,,,,,,,,,,,,,,
US Foods,Sea Watch,"CLAM, OCEAN CHOPPED CAN SHELF STABLE",Seafood,Marine Stewardship Council,,,1,,,,,,,,,,,,,,,1,,,,,,,,,,,
US Foods,Stock Yards,"BEEF, PATTY GROUND 80/20 6:1 ROUND 3/4 THICK NATURAL RAISED-W/O-ANTIBIOTIC",Beef,Antibiotic Free,,,1,,,,,,,,,,,,,,,,,,,,,,,,,,
US Foods,Thirster,"MILK SUB, OAT ORGANIC FORTIFIED ASEPTIC CARTON SHELF STABLE",Dairy Alternative,USDA Organic,,,1,,,,,1,,,,,,,,,,,,,,,,,,,,,
US Foods,Tyson,"CHICKEN, WING 1ST-&-2ND-JOINT BREADED 9-14 COUNT COOKED FROZEN",Chicken,Antibiotic Free,,,1,,,,,,,,,,,,,,,,,,,,,,,,,,
US Foods,Wilcox Dairy Farms,"EGG, HARD COOKED PEELED WHOLE CAGE-FREE REF DRY PILLOW PACK",Eggs,Cage Free; Certified Humane,,,1,,,,,,1,,,,,,,,,,,,,,,,,,,,
US Foods,Wilcox Dairy Farms,"EGG, HARD COOKED PEELED WHOLE CAGE-FREE REF DRY TWIN PACK",Eggs,Cage Free; Certified Humane,,,1,,,,,,1,,,,,,,,,,,,,,,,,,,,
US Foods,Wilcox Dairy Farms,"EGG, LIQUID WHOLE CAGE-FREE PASTEURIZED BAG-IN-BOX REF",Eggs,Cage Free; Certified Humane,,,1,,,,,,1,,,,,,,,,,,,,,,,,,,,
US FOODS LOS ANGELES,Amy's,"BURRITO, BEAN CHEESE GLUTEN-FREE IW FROZEN",Packaged Foods,"USDA Organic, ALL SUSTAINABLE",8604068,1,,,,,,1,,,,,,,,,,,,,,,,,,,,,
US FOODS LOS ANGELES,Armanino Foods Of Distinction,"SAUCE, PESTO BASIL TUB FROZEN",Sauce/ Seasoning,"Fair Trade, ALL SUSTAINABLE",7076078,1,,,,,,,,1,1,,,,,,,,,,,,,,,,,,
US FOODS LOS ANGELES,Buchi,"DRINK, KOMBUCHA RASPBERRY ORGANIC CAN REF",Kombucha,"USDA Organic, ALL SUSTAINABLE",5045967,1,,,,,,1,,,,,,,,,,,,,,,,,,,,,
US FOODS LOS ANGELES,Cropp Cooperative,"MILK, WHOLE UHT ORGANIC VITAMIN D RBST & GMO FREE TWIST CAP CARTON REF HOMO",Milk,"USDA Organic, ALL SUSTAINABLE",2863536,1,,,,,,1,,,,,,,,,,,,,,,,,,,,,
US FOODS LOS ANGELES,Danone Us Llc,"YOGURT SUB, COCONUT MILK PLAIN BLENDED ORGANIC VEGAN SS CUP REF",Dairy Alternative,"USDA Organic, ALL SUSTAINABLE",9295219,1,,,,,,1,,,,,,,,,,,,,,,,,,,,,
US FOODS LOS ANGELES,Danone Us Llc,"YOGURT, COCONUT MILK PLAIN BLENDED ORGANIC TUB REF",Dairy Alternative,"USDA Organic, ALL SUSTAINABLE",8261926,1,,,,,,1,,,,,,,,,,,,,,,,,,,,,
US FOODS LOS ANGELES,Domino Foods Inc,"SUGAR, POWDERED CONFECTIONER 10X CANE",Baking Ingredients,"USDA Organic, ALL SUSTAINABLE",1022144,1,,,,,,1,,,,,,,,,,,,,,,,,,,,,
US FOODS LOS ANGELES,Domino Foods Inc,"SUGAR, POWDERED CONFECTIONER 10X CANE #!",Baking Ingredients,"USDA Organic, ALL SUSTAINABLE",3010758,1,,,,,,1,,,,,,,,,,,,,,,,,,,,,
US FOODS LOS ANGELES,Ekaterra Tea Mso Usa Llc,"TEA BAG, HOT BLACK ENVELOPE CAFFEINATED BRISK",Coffee/Tea,"Rainforest Alliance, ALL SUSTAINABLE",4002259,1,,,,,,,,,1,,,,,,,,,,,,,,,,,,
US FOODS LOS ANGELES,Forager,"YOGURT SUB, CASHEW VANILLA BLENDED ORGANIC TUB REF",Dairy Alternative,"USDA Organic, ALL SUSTAINABLE",9124346,1,,,,,,1,,,,,,,,,,,,,,,,,,,,,
US FOODS LOS ANGELES,Frito Lay/ Quaker/ Tropicana,"DRINK, KOMBUCHA GINGER PROBIOTIC ORGANIC GLASS BOTTLE REF",Kombucha,"USDA Organic, ALL SUSTAINABLE",6231194,1,,,,,,1,,,,,,,,,,,,,,,,,,,,,
US FOODS LOS ANGELES,Frito Lay/ Quaker/ Tropicana,"DRINK, KOMBUCHA PINEAPPLE PEACH ORGANIC GLASS BOTTLE REF",Kombucha,"USDA Organic, ALL SUSTAINABLE",7739492,1,,,,,,1,,,,,,,,,,,,,,,,,,,,,
US FOODS LOS ANGELES,Frito Lay/ Quaker/ Tropicana,"WATER, COCONUT ORGANIC NO-SUGAR-ADDED PURIFIED ASEPTIC TETRA PACK",Snacks,"USDA Organic, ALL SUSTAINABLE",9937472,1,,,,,,1,,,,,,,,,,,,,,,,,,,,,
US FOODS LOS ANGELES,General Mills Sales Inc,"CEREAL, GRANOLA OAT & HONEY ORGANIC TFF",Cereal,"USDA Organic, ALL SUSTAINABLE",9422965,1,,,,,,1,,,,,,,,,,,,,,,,,,,,,
US FOODS LOS ANGELES,Giustos Specialty Foods Llc,"FLOUR, PIZZA BLEND 00 ITALIAN ORGANIC BAG",Grain,"USDA Organic, ALL SUSTAINABLE",5971825,1,,,,,,1,,,,,,,,,,,,,,,,,,,,,
US FOODS LOS ANGELES,Harbor Banks,"SOLE, BREADED 4 OZ FILLET BONELESS RAW FROZEN BAG GLUTEN-FREE MSC",Seafood,"Marine Stewardship Council (MSC), ALL SUSTAINABLE",1717265,1,,,,,,,,,,,,,,,,1,,,,,,,,,,,
US FOODS LOS ANGELES,Horizon Organic Dairy,"MILK, 1% LOW FAT UHT ASEPTIC CARTON SHELF STABLE",Milk,"USDA Organic, ALL SUSTAINABLE",3722717,1,,,,,,1,,,,,,,,,,,,,,,,,,,,,
US FOODS LOS ANGELES,House Foods America Corporatio,"TOFU, FIRM ORGANIC SPECIAL CRYOVAC FRESH REF",Soy Protein,"USDA Organic, ALL SUSTAINABLE",6705313,1,,,,,,1,,,,,,,,,,,,,,,,,,,,,
US FOODS LOS ANGELES,Javo Beverage,"COFFEE, LIQUID 100% ARABICA COLD BREW 7:1 REF PLAS",Coffee/Tea,"Rainforest Alliance, ALL SUSTAINABLE",5904191,1,,,,,,,,,1,,,,,,,,,,,,,,,,,,
US FOODS LOS ANGELES,Kikkoman Sales Usa Inc,"MILK SUB, SOY ASEPTIC BOX SHELF STABLE SMART ORGANIC",Dairy Alternative,"USDA Organic, ALL SUSTAINABLE",9987025,1,,,,,,1,,,,,,,,,,,,,,,,,,,,,
US FOODS LOS ANGELES,Kikkoman Sales Usa Inc,"MILK SUB, SOY ASEPTIC CARTON SHELF STABLE ORGANIC",Dairy Alternative,"USDA Organic, ALL SUSTAINABLE",1103965,1,,,,,,1,,,,,,,,,,,,,,,,,,,,,
US FOODS LOS ANGELES,Kikkoman Sales Usa Inc,"MILK SUB, SOY CHOCOLATE ORGANIC ASEPTIC CARTON SHELF STABLE",Dairy Alternative,"USDA Organic, ALL SUSTAINABLE",9826579,1,,,,,,1,,,,,,,,,,,,,,,,,,,,,
US FOODS LOS ANGELES,Kikkoman Sales Usa Inc,"MILK SUB, SOY UNSWEETENED ORGANIC CARTON SHELF STABLE",Dairy Alternative,"USDA Organic, ALL SUSTAINABLE",4661336,1,,,,,,1,,,,,,,,,,,,,,,,,,,,,
US FOODS LOS ANGELES,Kikkoman Sales Usa Inc,"MILK SUB, SOY VANILLA ORGANIC ASEPTIC CARTON SHELF STABLE",Dairy Alternative,"USDA Organic, ALL SUSTAINABLE",9806902,1,,,,,,1,,,,,,,,,,,,,,,,,,,,,
US FOODS LOS ANGELES,Kraft Heinz Foods Company,"KETCHUP, TOMATO FANCY 33% ORGANIC PET PLASTIC BOTTLE SHELF STABLE",Sauce/ Seasoning,"USDA Organic, ALL SUSTAINABLE",8745788,1,,,,,,1,,,,,,,,,,,,,,,,,,,,,
US FOODS LOS ANGELES,Kraft Heinz Foods Company,"KETCHUP, TOMATO FANCY 33% ORGANIC POUCH SHELF STABLE",Sauce/ Seasoning,"USDA Organic, ALL SUSTAINABLE",4656013,1,,,,,,1,,,,,,,,,,,,,,,,,,,,,
US FOODS LOS ANGELES,Lotus Foods Inc,"RICE, ORGANIC VOLCANO",Grain,"USDA Organic, ALL SUSTAINABLE",9513419,1,,,,,,1,,,,,,,,,,,,,,,,,,,,,
US FOODS LOS ANGELES,Madhava Natural Sweeteners,"SWEETENER, AGAVE NECTAR SYRUP LIGHT ORGANIC",Sauce/ Seasoning,"USDA Organic, ALL SUSTAINABLE",9703943,1,,,,,,1,,,,,,,,,,,,,,,,,,,,,
US FOODS LOS ANGELES,Mondelez Global Llc,"SNACK BAR, ENERGY CHOCOLATE BROWNIE IW ORGANIC",Snacks,"USDA Organic, ALL SUSTAINABLE",1903285,1,,,,,,1,,,,,,,,,,,,,,,,,,,,,
US FOODS LOS ANGELES,Numi Inc Pbc,"TEA BAG, HOT BLACK CHAI FILTER CAFFEINATED GOLDEN",Coffee/Tea,"USDA Organic, Fair Trade, ALL SUSTAINABLE",1833300,1,,,,,,1,,1,1,,,,,,,,,,,,,,,,,,
US FOODS LOS ANGELES,Numi Inc Pbc,"TEA BAG, HOT GREEN LEMON DECAFFEINATED ORGANIC ENVELOPE",Coffee/Tea,"USDA Organic, Fair Trade, ALL SUSTAINABLE",5753538,1,,,,,,1,,1,1,,,,,,,,,,,,,,,,,,
US FOODS LOS ANGELES,Numi Inc Pbc,"TEA BAG, HOT GREEN ORGANIC ENVELOPE CAFFEINATED GUNPOWDER",Coffee/Tea,"USDA Organic, Fair Trade, ALL SUSTAINABLE",5558846,1,,,,,,1,,1,1,,,,,,,,,,,,,,,,,,
US FOODS LOS ANGELES,Pure Living,"FLOUR, SPELT ORGANIC BAG",Grain,"USDA Organic, ALL SUSTAINABLE",8601191,1,,,,,,1,,,,,,,,,,,,,,,,,,,,,
US FOODS LOS ANGELES,Red Gold Inc,"KETCHUP, TOMATO 30% ORGANIC SQUEEZE BOTTLE UPSIDE",Sauce/ Seasoning,"USDA Organic, ALL SUSTAINABLE",7089724,1,,,,,,1,,,,,,,,,,,,,,,,,,,,,
US FOODS LOS ANGELES,Rudis Organic And Gluten Free,"BREAD, MULTIGRAIN 12 SLICED 1/3-1/2 LOAF GLUTEN-FREE TFF BAKED FROZEN",Bread Products,"USDA Organic, ALL SUSTAINABLE",3854205,1,,,,,,1,,,,,,,,,,,,,,,,,,,,,
US FOODS LOS ANGELES,Sambazon Inc,SORBET ACAI TUB ORIG RIO,Frozen Dessert,"USDA Organic, Fair Trade, ALL SUSTAINABLE",8742835,1,,,,,,1,,1,1,,,,,,,,,,,,,,,,,,
US FOODS LOS ANGELES,Sambazon Inc,"SORBET, ACAI ORGANIC TUB",Frozen Dessert,"USDA Organic, ALL SUSTAINABLE",6366352,1,,,,,,1,,,,,,,,,,,,,,,,,,,,,
US FOODS LOS ANGELES,San-J International Inc.(Va),"SAUCE, SOY TAMARI ORGANIC REDUCED SODIUM GLUTEN-FR",Sauce/ Seasoning,"USDA Organic, ALL SUSTAINABLE",2984383,1,,,,,,1,,,,,,,,,,,,,,,,,,,,,
US FOODS LOS ANGELES,Seviroli Foods,"RAVIOLI, CHEESE 3 WAY .6 OZ ROUND PLAIN PASTA ORGA",Pasta,"USDA Organic, ALL SUSTAINABLE",2672887,1,,,,,,1,,,,,,,,,,,,,,,,,,,,,
US FOODS LOS ANGELES,Simply Organic,"DIP, ORGANIC ONION & CHIVE DIP MIX",Sauce/ Seasoning,"USDA Organic, ALL SUSTAINABLE",7252293,1,,,,,,1,,,,,,,,,,,,,,,,,,,,,
US FOODS LOS ANGELES,Smucker Foodservice Inc,"COFFEE, GROUND 100% ARABICA DARK ROAST FRACTION PA",Coffee/Tea,"Rainforest Alliance, ALL SUSTAINABLE",4862400,1,,,,,,,,,1,,,,,,,,,,,,,,,,,,
US FOODS LOS ANGELES,Stremicks Heritage Foods Llc,"MILK, 1% LOW FAT ORGANIC CARTON REF GRADE A REF",Milk,"USDA Organic, ALL SUSTAINABLE",444703,1,,,,,,1,,,,,,,,,,,,,,,,,,,,,
US FOODS LOS ANGELES,Sugar Foods Corporation,"SUGAR, RAW .11 OZ SS STICK TURBINADO",Baking Ingredients,"USDA Organic, ALL SUSTAINABLE",8637349,1,,,,,,1,,,,,,,,,,,,,,,,,,,,,
US FOODS LOS ANGELES,Sugar Foods Corporation,"SUGAR, WHITE 1/10 OZ SS STICK ORGANIC",Baking Ingredients,"USDA Organic, ALL SUSTAINABLE",4938990,1,,,,,,1,,,,,,,,,,,,,,,,,,,,,
US FOODS LOS ANGELES,Trident Seafoods Corp.,"SURIMI, IMITATION CRABMEAT CHUNK & FLAKE COOKED FROZEN VALUE MSC",Seafood,"Marine Stewardship Council (MSC), ALL SUSTAINABLE",8366296,1,,,,,,,,,,,,,,,,1,,,,,,,,,,,
Vesta,"Clover Sonoma-Petaluma, Ca",CREAM-MANU/HEAVY WHIP CLOVE 9/1 HG,Other Dairy,American Humane,,,1,,,,,,,,,,,,1,,,,,,,,,,,,,,
Vesta,"Clover Sonoma-Petaluma, Ca",HALF & HALF-CLOVER 16/1 QT,Other Dairy,American Humane,,,1,,,,,,,,,,,,1,,,,,,,,,,,,,,
Vesta,"Clover Sonoma-Petaluma, Ca",MILK-1% HALF PT CLOVER 50 CT,Milk,American Humane,,,1,,,,,,,,,,,,1,,,,,,,,,,,,,,
Vesta,"Clover Sonoma-Petaluma, Ca",MILK-2% HALF PINT CLOVER 50 CT,Milk,American Humane,,,1,,,,,,,,,,,,1,,,,,,,,,,,,,,
Vesta,"Clover Sonoma-Petaluma, Ca",MILK-CHOC NONF HALF PNT CLOV 50 CT,Milk,American Humane,,,1,,,,,,,,,,,,1,,,,,,,,,,,,,,
Vesta,"Clover Sonoma-Petaluma, Ca",MILK-LOWFAT 2% CLOVER 4/1 GL,Milk,American Humane,,,1,,,,,,,,,,,,1,,,,,,,,,,,,,,
Vesta,"Clover Sonoma-Petaluma, Ca",MILK-LOWFAT 2% CLOVER 9/1 HG,Milk,American Humane,,,1,,,,,,,,,,,,1,,,,,,,,,,,,,,
Vesta,"Clover Sonoma-Petaluma, Ca",MILK-NONFAT CLOVER 9/1 HG,Milk,American Humane,,,1,,,,,,,,,,,,1,,,,,,,,,,,,,,
Vesta,"Clover Sonoma-Petaluma, Ca",MILK-NONFAT HALF PINT CLOVER 50 CT,Milk,American Humane,,,1,,,,,,,,,,,,1,,,,,,,,,,,,,,
Vesta,"Clover Sonoma-Petaluma, Ca",MILK-WHOLE CLOVER 9/1 HG,Milk,American Humane,,,1,,,,,,,,,,,,1,,,,,,,,,,,,,,
Vesta,"Clover Sonoma-Petaluma, Ca",MILK-WHOLE HALF PT CLOVER 50 CT,Milk,American Humane,,,1,,,,,,,,,,,,1,,,,,,,,,,,,,,
Vistar,Lifeway Foods Inc,Kefir Organic Strawbery LowFat,Other Dairy,Organic,LWF00348,,,1,,,,1,,,,,,,,,,,,,,,,,,,,,
Vistar,Wilcox Farms Inc,Egg Hardboiled Organic 2Pk,Oil/ Vinegar,Organic,WLF99000,,,1,,,,1,,,,,,,,,,,,,,,,,,,,,
Vistar,Yerba Mate Co Llc,Drink Sparkling Cranberry,Produce,Organic,GYK33335,,,1,,,,1,,,,,,,,,,,,,,,,,,,,,
Vistar,Yerba Mate Co Llc,Drink Sparkling Grapefruit,Produce,Organic,GYK33325,,,1,,,,1,,,,,,,,,,,,,,,,,,,,,